path,emotion
dataset\ravdess\Actor_01\03-01-01-01-01-01-01.wav,Neutral
dataset\ravdess\Actor_01\03-01-01-01-01-02-01.wav,Neutral
dataset\ravdess\Actor_01\03-01-01-01-02-01-01.wav,Neutral
dataset\ravdess\Actor_01\03-01-01-01-02-02-01.wav,Neutral
dataset\ravdess\Actor_01\03-01-02-01-01-01-01.wav,Calm
dataset\ravdess\Actor_01\03-01-02-01-01-02-01.wav,Calm
dataset\ravdess\Actor_01\03-01-02-01-02-01-01.wav,Calm
dataset\ravdess\Actor_01\03-01-02-01-02-02-01.wav,Calm
dataset\ravdess\Actor_01\03-01-02-02-01-01-01.wav,Calm
dataset\ravdess\Actor_01\03-01-02-02-01-02-01.wav,Calm
dataset\ravdess\Actor_01\03-01-02-02-02-01-01.wav,Calm
dataset\ravdess\Actor_01\03-01-02-02-02-02-01.wav,Calm
dataset\ravdess\Actor_01\03-01-03-01-01-01-01.wav,Happy
dataset\ravdess\Actor_01\03-01-03-01-01-02-01.wav,Happy
dataset\ravdess\Actor_01\03-01-03-01-02-01-01.wav,Happy
dataset\ravdess\Actor_01\03-01-03-01-02-02-01.wav,Happy
dataset\ravdess\Actor_01\03-01-03-02-01-01-01.wav,Happy
dataset\ravdess\Actor_01\03-01-03-02-01-02-01.wav,Happy
dataset\ravdess\Actor_01\03-01-03-02-02-01-01.wav,Happy
dataset\ravdess\Actor_01\03-01-03-02-02-02-01.wav,Happy
dataset\ravdess\Actor_01\03-01-04-01-01-01-01.wav,Sad
dataset\ravdess\Actor_01\03-01-04-01-01-02-01.wav,Sad
dataset\ravdess\Actor_01\03-01-04-01-02-01-01.wav,Sad
dataset\ravdess\Actor_01\03-01-04-01-02-02-01.wav,Sad
dataset\ravdess\Actor_01\03-01-04-02-01-01-01.wav,Sad
dataset\ravdess\Actor_01\03-01-04-02-01-02-01.wav,Sad
dataset\ravdess\Actor_01\03-01-04-02-02-01-01.wav,Sad
dataset\ravdess\Actor_01\03-01-04-02-02-02-01.wav,Sad
dataset\ravdess\Actor_01\03-01-05-01-01-01-01.wav,Angry
dataset\ravdess\Actor_01\03-01-05-01-01-02-01.wav,Angry
dataset\ravdess\Actor_01\03-01-05-01-02-01-01.wav,Angry
dataset\ravdess\Actor_01\03-01-05-01-02-02-01.wav,Angry
dataset\ravdess\Actor_01\03-01-05-02-01-01-01.wav,Angry
dataset\ravdess\Actor_01\03-01-05-02-01-02-01.wav,Angry
dataset\ravdess\Actor_01\03-01-05-02-02-01-01.wav,Angry
dataset\ravdess\Actor_01\03-01-05-02-02-02-01.wav,Angry
dataset\ravdess\Actor_01\03-01-06-01-01-01-01.wav,Fearful
dataset\ravdess\Actor_01\03-01-06-01-01-02-01.wav,Fearful
dataset\ravdess\Actor_01\03-01-06-01-02-01-01.wav,Fearful
dataset\ravdess\Actor_01\03-01-06-01-02-02-01.wav,Fearful
dataset\ravdess\Actor_01\03-01-06-02-01-01-01.wav,Fearful
dataset\ravdess\Actor_01\03-01-06-02-01-02-01.wav,Fearful
dataset\ravdess\Actor_01\03-01-06-02-02-01-01.wav,Fearful
dataset\ravdess\Actor_01\03-01-06-02-02-02-01.wav,Fearful
dataset\ravdess\Actor_01\03-01-07-01-01-01-01.wav,Disgust
dataset\ravdess\Actor_01\03-01-07-01-01-02-01.wav,Disgust
dataset\ravdess\Actor_01\03-01-07-01-02-01-01.wav,Disgust
dataset\ravdess\Actor_01\03-01-07-01-02-02-01.wav,Disgust
dataset\ravdess\Actor_01\03-01-07-02-01-01-01.wav,Disgust
dataset\ravdess\Actor_01\03-01-07-02-01-02-01.wav,Disgust
dataset\ravdess\Actor_01\03-01-07-02-02-01-01.wav,Disgust
dataset\ravdess\Actor_01\03-01-07-02-02-02-01.wav,Disgust
dataset\ravdess\Actor_01\03-01-08-01-01-01-01.wav,Surprised
dataset\ravdess\Actor_01\03-01-08-01-01-02-01.wav,Surprised
dataset\ravdess\Actor_01\03-01-08-01-02-01-01.wav,Surprised
dataset\ravdess\Actor_01\03-01-08-01-02-02-01.wav,Surprised
dataset\ravdess\Actor_01\03-01-08-02-01-01-01.wav,Surprised
dataset\ravdess\Actor_01\03-01-08-02-01-02-01.wav,Surprised
dataset\ravdess\Actor_01\03-01-08-02-02-01-01.wav,Surprised
dataset\ravdess\Actor_01\03-01-08-02-02-02-01.wav,Surprised
dataset\ravdess\Actor_02\03-01-01-01-01-01-02.wav,Neutral
dataset\ravdess\Actor_02\03-01-01-01-01-02-02.wav,Neutral
dataset\ravdess\Actor_02\03-01-01-01-02-01-02.wav,Neutral
dataset\ravdess\Actor_02\03-01-01-01-02-02-02.wav,Neutral
dataset\ravdess\Actor_02\03-01-02-01-01-01-02.wav,Calm
dataset\ravdess\Actor_02\03-01-02-01-01-02-02.wav,Calm
dataset\ravdess\Actor_02\03-01-02-01-02-01-02.wav,Calm
dataset\ravdess\Actor_02\03-01-02-01-02-02-02.wav,Calm
dataset\ravdess\Actor_02\03-01-02-02-01-01-02.wav,Calm
dataset\ravdess\Actor_02\03-01-02-02-01-02-02.wav,Calm
dataset\ravdess\Actor_02\03-01-02-02-02-01-02.wav,Calm
dataset\ravdess\Actor_02\03-01-02-02-02-02-02.wav,Calm
dataset\ravdess\Actor_02\03-01-03-01-01-01-02.wav,Happy
dataset\ravdess\Actor_02\03-01-03-01-01-02-02.wav,Happy
dataset\ravdess\Actor_02\03-01-03-01-02-01-02.wav,Happy
dataset\ravdess\Actor_02\03-01-03-01-02-02-02.wav,Happy
dataset\ravdess\Actor_02\03-01-03-02-01-01-02.wav,Happy
dataset\ravdess\Actor_02\03-01-03-02-01-02-02.wav,Happy
dataset\ravdess\Actor_02\03-01-03-02-02-01-02.wav,Happy
dataset\ravdess\Actor_02\03-01-03-02-02-02-02.wav,Happy
dataset\ravdess\Actor_02\03-01-04-01-01-01-02.wav,Sad
dataset\ravdess\Actor_02\03-01-04-01-01-02-02.wav,Sad
dataset\ravdess\Actor_02\03-01-04-01-02-01-02.wav,Sad
dataset\ravdess\Actor_02\03-01-04-01-02-02-02.wav,Sad
dataset\ravdess\Actor_02\03-01-04-02-01-01-02.wav,Sad
dataset\ravdess\Actor_02\03-01-04-02-01-02-02.wav,Sad
dataset\ravdess\Actor_02\03-01-04-02-02-01-02.wav,Sad
dataset\ravdess\Actor_02\03-01-04-02-02-02-02.wav,Sad
dataset\ravdess\Actor_02\03-01-05-01-01-01-02.wav,Angry
dataset\ravdess\Actor_02\03-01-05-01-01-02-02.wav,Angry
dataset\ravdess\Actor_02\03-01-05-01-02-01-02.wav,Angry
dataset\ravdess\Actor_02\03-01-05-01-02-02-02.wav,Angry
dataset\ravdess\Actor_02\03-01-05-02-01-01-02.wav,Angry
dataset\ravdess\Actor_02\03-01-05-02-01-02-02.wav,Angry
dataset\ravdess\Actor_02\03-01-05-02-02-01-02.wav,Angry
dataset\ravdess\Actor_02\03-01-05-02-02-02-02.wav,Angry
dataset\ravdess\Actor_02\03-01-06-01-01-01-02.wav,Fearful
dataset\ravdess\Actor_02\03-01-06-01-01-02-02.wav,Fearful
dataset\ravdess\Actor_02\03-01-06-01-02-01-02.wav,Fearful
dataset\ravdess\Actor_02\03-01-06-01-02-02-02.wav,Fearful
dataset\ravdess\Actor_02\03-01-06-02-01-01-02.wav,Fearful
dataset\ravdess\Actor_02\03-01-06-02-01-02-02.wav,Fearful
dataset\ravdess\Actor_02\03-01-06-02-02-01-02.wav,Fearful
dataset\ravdess\Actor_02\03-01-06-02-02-02-02.wav,Fearful
dataset\ravdess\Actor_02\03-01-07-01-01-01-02.wav,Disgust
dataset\ravdess\Actor_02\03-01-07-01-01-02-02.wav,Disgust
dataset\ravdess\Actor_02\03-01-07-01-02-01-02.wav,Disgust
dataset\ravdess\Actor_02\03-01-07-01-02-02-02.wav,Disgust
dataset\ravdess\Actor_02\03-01-07-02-01-01-02.wav,Disgust
dataset\ravdess\Actor_02\03-01-07-02-01-02-02.wav,Disgust
dataset\ravdess\Actor_02\03-01-07-02-02-01-02.wav,Disgust
dataset\ravdess\Actor_02\03-01-07-02-02-02-02.wav,Disgust
dataset\ravdess\Actor_02\03-01-08-01-01-01-02.wav,Surprised
dataset\ravdess\Actor_02\03-01-08-01-01-02-02.wav,Surprised
dataset\ravdess\Actor_02\03-01-08-01-02-01-02.wav,Surprised
dataset\ravdess\Actor_02\03-01-08-01-02-02-02.wav,Surprised
dataset\ravdess\Actor_02\03-01-08-02-01-01-02.wav,Surprised
dataset\ravdess\Actor_02\03-01-08-02-01-02-02.wav,Surprised
dataset\ravdess\Actor_02\03-01-08-02-02-01-02.wav,Surprised
dataset\ravdess\Actor_02\03-01-08-02-02-02-02.wav,Surprised
dataset\ravdess\Actor_03\03-01-01-01-01-01-03.wav,Neutral
dataset\ravdess\Actor_03\03-01-01-01-01-02-03.wav,Neutral
dataset\ravdess\Actor_03\03-01-01-01-02-01-03.wav,Neutral
dataset\ravdess\Actor_03\03-01-01-01-02-02-03.wav,Neutral
dataset\ravdess\Actor_03\03-01-02-01-01-01-03.wav,Calm
dataset\ravdess\Actor_03\03-01-02-01-01-02-03.wav,Calm
dataset\ravdess\Actor_03\03-01-02-01-02-01-03.wav,Calm
dataset\ravdess\Actor_03\03-01-02-01-02-02-03.wav,Calm
dataset\ravdess\Actor_03\03-01-02-02-01-01-03.wav,Calm
dataset\ravdess\Actor_03\03-01-02-02-01-02-03.wav,Calm
dataset\ravdess\Actor_03\03-01-02-02-02-01-03.wav,Calm
dataset\ravdess\Actor_03\03-01-02-02-02-02-03.wav,Calm
dataset\ravdess\Actor_03\03-01-03-01-01-01-03.wav,Happy
dataset\ravdess\Actor_03\03-01-03-01-01-02-03.wav,Happy
dataset\ravdess\Actor_03\03-01-03-01-02-01-03.wav,Happy
dataset\ravdess\Actor_03\03-01-03-01-02-02-03.wav,Happy
dataset\ravdess\Actor_03\03-01-03-02-01-01-03.wav,Happy
dataset\ravdess\Actor_03\03-01-03-02-01-02-03.wav,Happy
dataset\ravdess\Actor_03\03-01-03-02-02-01-03.wav,Happy
dataset\ravdess\Actor_03\03-01-03-02-02-02-03.wav,Happy
dataset\ravdess\Actor_03\03-01-04-01-01-01-03.wav,Sad
dataset\ravdess\Actor_03\03-01-04-01-01-02-03.wav,Sad
dataset\ravdess\Actor_03\03-01-04-01-02-01-03.wav,Sad
dataset\ravdess\Actor_03\03-01-04-01-02-02-03.wav,Sad
dataset\ravdess\Actor_03\03-01-04-02-01-01-03.wav,Sad
dataset\ravdess\Actor_03\03-01-04-02-01-02-03.wav,Sad
dataset\ravdess\Actor_03\03-01-04-02-02-01-03.wav,Sad
dataset\ravdess\Actor_03\03-01-04-02-02-02-03.wav,Sad
dataset\ravdess\Actor_03\03-01-05-01-01-01-03.wav,Angry
dataset\ravdess\Actor_03\03-01-05-01-01-02-03.wav,Angry
dataset\ravdess\Actor_03\03-01-05-01-02-01-03.wav,Angry
dataset\ravdess\Actor_03\03-01-05-01-02-02-03.wav,Angry
dataset\ravdess\Actor_03\03-01-05-02-01-01-03.wav,Angry
dataset\ravdess\Actor_03\03-01-05-02-01-02-03.wav,Angry
dataset\ravdess\Actor_03\03-01-05-02-02-01-03.wav,Angry
dataset\ravdess\Actor_03\03-01-05-02-02-02-03.wav,Angry
dataset\ravdess\Actor_03\03-01-06-01-01-01-03.wav,Fearful
dataset\ravdess\Actor_03\03-01-06-01-01-02-03.wav,Fearful
dataset\ravdess\Actor_03\03-01-06-01-02-01-03.wav,Fearful
dataset\ravdess\Actor_03\03-01-06-01-02-02-03.wav,Fearful
dataset\ravdess\Actor_03\03-01-06-02-01-01-03.wav,Fearful
dataset\ravdess\Actor_03\03-01-06-02-01-02-03.wav,Fearful
dataset\ravdess\Actor_03\03-01-06-02-02-01-03.wav,Fearful
dataset\ravdess\Actor_03\03-01-06-02-02-02-03.wav,Fearful
dataset\ravdess\Actor_03\03-01-07-01-01-01-03.wav,Disgust
dataset\ravdess\Actor_03\03-01-07-01-01-02-03.wav,Disgust
dataset\ravdess\Actor_03\03-01-07-01-02-01-03.wav,Disgust
dataset\ravdess\Actor_03\03-01-07-01-02-02-03.wav,Disgust
dataset\ravdess\Actor_03\03-01-07-02-01-01-03.wav,Disgust
dataset\ravdess\Actor_03\03-01-07-02-01-02-03.wav,Disgust
dataset\ravdess\Actor_03\03-01-07-02-02-01-03.wav,Disgust
dataset\ravdess\Actor_03\03-01-07-02-02-02-03.wav,Disgust
dataset\ravdess\Actor_03\03-01-08-01-01-01-03.wav,Surprised
dataset\ravdess\Actor_03\03-01-08-01-01-02-03.wav,Surprised
dataset\ravdess\Actor_03\03-01-08-01-02-01-03.wav,Surprised
dataset\ravdess\Actor_03\03-01-08-01-02-02-03.wav,Surprised
dataset\ravdess\Actor_03\03-01-08-02-01-01-03.wav,Surprised
dataset\ravdess\Actor_03\03-01-08-02-01-02-03.wav,Surprised
dataset\ravdess\Actor_03\03-01-08-02-02-01-03.wav,Surprised
dataset\ravdess\Actor_03\03-01-08-02-02-02-03.wav,Surprised
dataset\ravdess\Actor_04\03-01-01-01-01-01-04.wav,Neutral
dataset\ravdess\Actor_04\03-01-01-01-01-02-04.wav,Neutral
dataset\ravdess\Actor_04\03-01-01-01-02-01-04.wav,Neutral
dataset\ravdess\Actor_04\03-01-01-01-02-02-04.wav,Neutral
dataset\ravdess\Actor_04\03-01-02-01-01-01-04.wav,Calm
dataset\ravdess\Actor_04\03-01-02-01-01-02-04.wav,Calm
dataset\ravdess\Actor_04\03-01-02-01-02-01-04.wav,Calm
dataset\ravdess\Actor_04\03-01-02-01-02-02-04.wav,Calm
dataset\ravdess\Actor_04\03-01-02-02-01-01-04.wav,Calm
dataset\ravdess\Actor_04\03-01-02-02-01-02-04.wav,Calm
dataset\ravdess\Actor_04\03-01-02-02-02-01-04.wav,Calm
dataset\ravdess\Actor_04\03-01-02-02-02-02-04.wav,Calm
dataset\ravdess\Actor_04\03-01-03-01-01-01-04.wav,Happy
dataset\ravdess\Actor_04\03-01-03-01-01-02-04.wav,Happy
dataset\ravdess\Actor_04\03-01-03-01-02-01-04.wav,Happy
dataset\ravdess\Actor_04\03-01-03-01-02-02-04.wav,Happy
dataset\ravdess\Actor_04\03-01-03-02-01-01-04.wav,Happy
dataset\ravdess\Actor_04\03-01-03-02-01-02-04.wav,Happy
dataset\ravdess\Actor_04\03-01-03-02-02-01-04.wav,Happy
dataset\ravdess\Actor_04\03-01-03-02-02-02-04.wav,Happy
dataset\ravdess\Actor_04\03-01-04-01-01-01-04.wav,Sad
dataset\ravdess\Actor_04\03-01-04-01-01-02-04.wav,Sad
dataset\ravdess\Actor_04\03-01-04-01-02-01-04.wav,Sad
dataset\ravdess\Actor_04\03-01-04-01-02-02-04.wav,Sad
dataset\ravdess\Actor_04\03-01-04-02-01-01-04.wav,Sad
dataset\ravdess\Actor_04\03-01-04-02-01-02-04.wav,Sad
dataset\ravdess\Actor_04\03-01-04-02-02-01-04.wav,Sad
dataset\ravdess\Actor_04\03-01-04-02-02-02-04.wav,Sad
dataset\ravdess\Actor_04\03-01-05-01-01-01-04.wav,Angry
dataset\ravdess\Actor_04\03-01-05-01-01-02-04.wav,Angry
dataset\ravdess\Actor_04\03-01-05-01-02-01-04.wav,Angry
dataset\ravdess\Actor_04\03-01-05-01-02-02-04.wav,Angry
dataset\ravdess\Actor_04\03-01-05-02-01-01-04.wav,Angry
dataset\ravdess\Actor_04\03-01-05-02-01-02-04.wav,Angry
dataset\ravdess\Actor_04\03-01-05-02-02-01-04.wav,Angry
dataset\ravdess\Actor_04\03-01-05-02-02-02-04.wav,Angry
dataset\ravdess\Actor_04\03-01-06-01-01-01-04.wav,Fearful
dataset\ravdess\Actor_04\03-01-06-01-01-02-04.wav,Fearful
dataset\ravdess\Actor_04\03-01-06-01-02-01-04.wav,Fearful
dataset\ravdess\Actor_04\03-01-06-01-02-02-04.wav,Fearful
dataset\ravdess\Actor_04\03-01-06-02-01-01-04.wav,Fearful
dataset\ravdess\Actor_04\03-01-06-02-01-02-04.wav,Fearful
dataset\ravdess\Actor_04\03-01-06-02-02-01-04.wav,Fearful
dataset\ravdess\Actor_04\03-01-06-02-02-02-04.wav,Fearful
dataset\ravdess\Actor_04\03-01-07-01-01-01-04.wav,Disgust
dataset\ravdess\Actor_04\03-01-07-01-01-02-04.wav,Disgust
dataset\ravdess\Actor_04\03-01-07-01-02-01-04.wav,Disgust
dataset\ravdess\Actor_04\03-01-07-01-02-02-04.wav,Disgust
dataset\ravdess\Actor_04\03-01-07-02-01-01-04.wav,Disgust
dataset\ravdess\Actor_04\03-01-07-02-01-02-04.wav,Disgust
dataset\ravdess\Actor_04\03-01-07-02-02-01-04.wav,Disgust
dataset\ravdess\Actor_04\03-01-07-02-02-02-04.wav,Disgust
dataset\ravdess\Actor_04\03-01-08-01-01-01-04.wav,Surprised
dataset\ravdess\Actor_04\03-01-08-01-01-02-04.wav,Surprised
dataset\ravdess\Actor_04\03-01-08-01-02-01-04.wav,Surprised
dataset\ravdess\Actor_04\03-01-08-01-02-02-04.wav,Surprised
dataset\ravdess\Actor_04\03-01-08-02-01-01-04.wav,Surprised
dataset\ravdess\Actor_04\03-01-08-02-01-02-04.wav,Surprised
dataset\ravdess\Actor_04\03-01-08-02-02-01-04.wav,Surprised
dataset\ravdess\Actor_04\03-01-08-02-02-02-04.wav,Surprised
dataset\ravdess\Actor_05\03-01-01-01-01-01-05.wav,Neutral
dataset\ravdess\Actor_05\03-01-01-01-01-02-05.wav,Neutral
dataset\ravdess\Actor_05\03-01-01-01-02-01-05.wav,Neutral
dataset\ravdess\Actor_05\03-01-01-01-02-02-05.wav,Neutral
dataset\ravdess\Actor_05\03-01-02-01-01-01-05.wav,Calm
dataset\ravdess\Actor_05\03-01-02-01-01-02-05.wav,Calm
dataset\ravdess\Actor_05\03-01-02-01-02-01-05.wav,Calm
dataset\ravdess\Actor_05\03-01-02-01-02-02-05.wav,Calm
dataset\ravdess\Actor_05\03-01-02-02-01-01-05.wav,Calm
dataset\ravdess\Actor_05\03-01-02-02-01-02-05.wav,Calm
dataset\ravdess\Actor_05\03-01-02-02-02-01-05.wav,Calm
dataset\ravdess\Actor_05\03-01-02-02-02-02-05.wav,Calm
dataset\ravdess\Actor_05\03-01-03-01-01-01-05.wav,Happy
dataset\ravdess\Actor_05\03-01-03-01-01-02-05.wav,Happy
dataset\ravdess\Actor_05\03-01-03-01-02-01-05.wav,Happy
dataset\ravdess\Actor_05\03-01-03-01-02-02-05.wav,Happy
dataset\ravdess\Actor_05\03-01-03-02-01-01-05.wav,Happy
dataset\ravdess\Actor_05\03-01-03-02-01-02-05.wav,Happy
dataset\ravdess\Actor_05\03-01-03-02-02-01-05.wav,Happy
dataset\ravdess\Actor_05\03-01-03-02-02-02-05.wav,Happy
dataset\ravdess\Actor_05\03-01-04-01-01-01-05.wav,Sad
dataset\ravdess\Actor_05\03-01-04-01-01-02-05.wav,Sad
dataset\ravdess\Actor_05\03-01-04-01-02-01-05.wav,Sad
dataset\ravdess\Actor_05\03-01-04-01-02-02-05.wav,Sad
dataset\ravdess\Actor_05\03-01-04-02-01-01-05.wav,Sad
dataset\ravdess\Actor_05\03-01-04-02-01-02-05.wav,Sad
dataset\ravdess\Actor_05\03-01-04-02-02-01-05.wav,Sad
dataset\ravdess\Actor_05\03-01-04-02-02-02-05.wav,Sad
dataset\ravdess\Actor_05\03-01-05-01-01-01-05.wav,Angry
dataset\ravdess\Actor_05\03-01-05-01-01-02-05.wav,Angry
dataset\ravdess\Actor_05\03-01-05-01-02-01-05.wav,Angry
dataset\ravdess\Actor_05\03-01-05-01-02-02-05.wav,Angry
dataset\ravdess\Actor_05\03-01-05-02-01-01-05.wav,Angry
dataset\ravdess\Actor_05\03-01-05-02-01-02-05.wav,Angry
dataset\ravdess\Actor_05\03-01-05-02-02-01-05.wav,Angry
dataset\ravdess\Actor_05\03-01-05-02-02-02-05.wav,Angry
dataset\ravdess\Actor_05\03-01-06-01-01-01-05.wav,Fearful
dataset\ravdess\Actor_05\03-01-06-01-01-02-05.wav,Fearful
dataset\ravdess\Actor_05\03-01-06-01-02-01-05.wav,Fearful
dataset\ravdess\Actor_05\03-01-06-01-02-02-05.wav,Fearful
dataset\ravdess\Actor_05\03-01-06-02-01-01-05.wav,Fearful
dataset\ravdess\Actor_05\03-01-06-02-01-02-05.wav,Fearful
dataset\ravdess\Actor_05\03-01-06-02-02-01-05.wav,Fearful
dataset\ravdess\Actor_05\03-01-06-02-02-02-05.wav,Fearful
dataset\ravdess\Actor_05\03-01-07-01-01-01-05.wav,Disgust
dataset\ravdess\Actor_05\03-01-07-01-01-02-05.wav,Disgust
dataset\ravdess\Actor_05\03-01-07-01-02-01-05.wav,Disgust
dataset\ravdess\Actor_05\03-01-07-01-02-02-05.wav,Disgust
dataset\ravdess\Actor_05\03-01-07-02-01-01-05.wav,Disgust
dataset\ravdess\Actor_05\03-01-07-02-01-02-05.wav,Disgust
dataset\ravdess\Actor_05\03-01-07-02-02-01-05.wav,Disgust
dataset\ravdess\Actor_05\03-01-07-02-02-02-05.wav,Disgust
dataset\ravdess\Actor_05\03-01-08-01-01-01-05.wav,Surprised
dataset\ravdess\Actor_05\03-01-08-01-01-02-05.wav,Surprised
dataset\ravdess\Actor_05\03-01-08-01-02-01-05.wav,Surprised
dataset\ravdess\Actor_05\03-01-08-01-02-02-05.wav,Surprised
dataset\ravdess\Actor_05\03-01-08-02-01-01-05.wav,Surprised
dataset\ravdess\Actor_05\03-01-08-02-01-02-05.wav,Surprised
dataset\ravdess\Actor_05\03-01-08-02-02-01-05.wav,Surprised
dataset\ravdess\Actor_05\03-01-08-02-02-02-05.wav,Surprised
dataset\ravdess\Actor_06\03-01-01-01-01-01-06.wav,Neutral
dataset\ravdess\Actor_06\03-01-01-01-01-02-06.wav,Neutral
dataset\ravdess\Actor_06\03-01-01-01-02-01-06.wav,Neutral
dataset\ravdess\Actor_06\03-01-01-01-02-02-06.wav,Neutral
dataset\ravdess\Actor_06\03-01-02-01-01-01-06.wav,Calm
dataset\ravdess\Actor_06\03-01-02-01-01-02-06.wav,Calm
dataset\ravdess\Actor_06\03-01-02-01-02-01-06.wav,Calm
dataset\ravdess\Actor_06\03-01-02-01-02-02-06.wav,Calm
dataset\ravdess\Actor_06\03-01-02-02-01-01-06.wav,Calm
dataset\ravdess\Actor_06\03-01-02-02-01-02-06.wav,Calm
dataset\ravdess\Actor_06\03-01-02-02-02-01-06.wav,Calm
dataset\ravdess\Actor_06\03-01-02-02-02-02-06.wav,Calm
dataset\ravdess\Actor_06\03-01-03-01-01-01-06.wav,Happy
dataset\ravdess\Actor_06\03-01-03-01-01-02-06.wav,Happy
dataset\ravdess\Actor_06\03-01-03-01-02-01-06.wav,Happy
dataset\ravdess\Actor_06\03-01-03-01-02-02-06.wav,Happy
dataset\ravdess\Actor_06\03-01-03-02-01-01-06.wav,Happy
dataset\ravdess\Actor_06\03-01-03-02-01-02-06.wav,Happy
dataset\ravdess\Actor_06\03-01-03-02-02-01-06.wav,Happy
dataset\ravdess\Actor_06\03-01-03-02-02-02-06.wav,Happy
dataset\ravdess\Actor_06\03-01-04-01-01-01-06.wav,Sad
dataset\ravdess\Actor_06\03-01-04-01-01-02-06.wav,Sad
dataset\ravdess\Actor_06\03-01-04-01-02-01-06.wav,Sad
dataset\ravdess\Actor_06\03-01-04-01-02-02-06.wav,Sad
dataset\ravdess\Actor_06\03-01-04-02-01-01-06.wav,Sad
dataset\ravdess\Actor_06\03-01-04-02-01-02-06.wav,Sad
dataset\ravdess\Actor_06\03-01-04-02-02-01-06.wav,Sad
dataset\ravdess\Actor_06\03-01-04-02-02-02-06.wav,Sad
dataset\ravdess\Actor_06\03-01-05-01-01-01-06.wav,Angry
dataset\ravdess\Actor_06\03-01-05-01-01-02-06.wav,Angry
dataset\ravdess\Actor_06\03-01-05-01-02-01-06.wav,Angry
dataset\ravdess\Actor_06\03-01-05-01-02-02-06.wav,Angry
dataset\ravdess\Actor_06\03-01-05-02-01-01-06.wav,Angry
dataset\ravdess\Actor_06\03-01-05-02-01-02-06.wav,Angry
dataset\ravdess\Actor_06\03-01-05-02-02-01-06.wav,Angry
dataset\ravdess\Actor_06\03-01-05-02-02-02-06.wav,Angry
dataset\ravdess\Actor_06\03-01-06-01-01-01-06.wav,Fearful
dataset\ravdess\Actor_06\03-01-06-01-01-02-06.wav,Fearful
dataset\ravdess\Actor_06\03-01-06-01-02-01-06.wav,Fearful
dataset\ravdess\Actor_06\03-01-06-01-02-02-06.wav,Fearful
dataset\ravdess\Actor_06\03-01-06-02-01-01-06.wav,Fearful
dataset\ravdess\Actor_06\03-01-06-02-01-02-06.wav,Fearful
dataset\ravdess\Actor_06\03-01-06-02-02-01-06.wav,Fearful
dataset\ravdess\Actor_06\03-01-06-02-02-02-06.wav,Fearful
dataset\ravdess\Actor_06\03-01-07-01-01-01-06.wav,Disgust
dataset\ravdess\Actor_06\03-01-07-01-01-02-06.wav,Disgust
dataset\ravdess\Actor_06\03-01-07-01-02-01-06.wav,Disgust
dataset\ravdess\Actor_06\03-01-07-01-02-02-06.wav,Disgust
dataset\ravdess\Actor_06\03-01-07-02-01-01-06.wav,Disgust
dataset\ravdess\Actor_06\03-01-07-02-01-02-06.wav,Disgust
dataset\ravdess\Actor_06\03-01-07-02-02-01-06.wav,Disgust
dataset\ravdess\Actor_06\03-01-07-02-02-02-06.wav,Disgust
dataset\ravdess\Actor_06\03-01-08-01-01-01-06.wav,Surprised
dataset\ravdess\Actor_06\03-01-08-01-01-02-06.wav,Surprised
dataset\ravdess\Actor_06\03-01-08-01-02-01-06.wav,Surprised
dataset\ravdess\Actor_06\03-01-08-01-02-02-06.wav,Surprised
dataset\ravdess\Actor_06\03-01-08-02-01-01-06.wav,Surprised
dataset\ravdess\Actor_06\03-01-08-02-01-02-06.wav,Surprised
dataset\ravdess\Actor_06\03-01-08-02-02-01-06.wav,Surprised
dataset\ravdess\Actor_06\03-01-08-02-02-02-06.wav,Surprised
dataset\ravdess\Actor_07\03-01-01-01-01-01-07.wav,Neutral
dataset\ravdess\Actor_07\03-01-01-01-01-02-07.wav,Neutral
dataset\ravdess\Actor_07\03-01-01-01-02-01-07.wav,Neutral
dataset\ravdess\Actor_07\03-01-01-01-02-02-07.wav,Neutral
dataset\ravdess\Actor_07\03-01-02-01-01-01-07.wav,Calm
dataset\ravdess\Actor_07\03-01-02-01-01-02-07.wav,Calm
dataset\ravdess\Actor_07\03-01-02-01-02-01-07.wav,Calm
dataset\ravdess\Actor_07\03-01-02-01-02-02-07.wav,Calm
dataset\ravdess\Actor_07\03-01-02-02-01-01-07.wav,Calm
dataset\ravdess\Actor_07\03-01-02-02-01-02-07.wav,Calm
dataset\ravdess\Actor_07\03-01-02-02-02-01-07.wav,Calm
dataset\ravdess\Actor_07\03-01-02-02-02-02-07.wav,Calm
dataset\ravdess\Actor_07\03-01-03-01-01-01-07.wav,Happy
dataset\ravdess\Actor_07\03-01-03-01-01-02-07.wav,Happy
dataset\ravdess\Actor_07\03-01-03-01-02-01-07.wav,Happy
dataset\ravdess\Actor_07\03-01-03-01-02-02-07.wav,Happy
dataset\ravdess\Actor_07\03-01-03-02-01-01-07.wav,Happy
dataset\ravdess\Actor_07\03-01-03-02-01-02-07.wav,Happy
dataset\ravdess\Actor_07\03-01-03-02-02-01-07.wav,Happy
dataset\ravdess\Actor_07\03-01-03-02-02-02-07.wav,Happy
dataset\ravdess\Actor_07\03-01-04-01-01-01-07.wav,Sad
dataset\ravdess\Actor_07\03-01-04-01-01-02-07.wav,Sad
dataset\ravdess\Actor_07\03-01-04-01-02-01-07.wav,Sad
dataset\ravdess\Actor_07\03-01-04-01-02-02-07.wav,Sad
dataset\ravdess\Actor_07\03-01-04-02-01-01-07.wav,Sad
dataset\ravdess\Actor_07\03-01-04-02-01-02-07.wav,Sad
dataset\ravdess\Actor_07\03-01-04-02-02-01-07.wav,Sad
dataset\ravdess\Actor_07\03-01-04-02-02-02-07.wav,Sad
dataset\ravdess\Actor_07\03-01-05-01-01-01-07.wav,Angry
dataset\ravdess\Actor_07\03-01-05-01-01-02-07.wav,Angry
dataset\ravdess\Actor_07\03-01-05-01-02-01-07.wav,Angry
dataset\ravdess\Actor_07\03-01-05-01-02-02-07.wav,Angry
dataset\ravdess\Actor_07\03-01-05-02-01-01-07.wav,Angry
dataset\ravdess\Actor_07\03-01-05-02-01-02-07.wav,Angry
dataset\ravdess\Actor_07\03-01-05-02-02-01-07.wav,Angry
dataset\ravdess\Actor_07\03-01-05-02-02-02-07.wav,Angry
dataset\ravdess\Actor_07\03-01-06-01-01-01-07.wav,Fearful
dataset\ravdess\Actor_07\03-01-06-01-01-02-07.wav,Fearful
dataset\ravdess\Actor_07\03-01-06-01-02-01-07.wav,Fearful
dataset\ravdess\Actor_07\03-01-06-01-02-02-07.wav,Fearful
dataset\ravdess\Actor_07\03-01-06-02-01-01-07.wav,Fearful
dataset\ravdess\Actor_07\03-01-06-02-01-02-07.wav,Fearful
dataset\ravdess\Actor_07\03-01-06-02-02-01-07.wav,Fearful
dataset\ravdess\Actor_07\03-01-06-02-02-02-07.wav,Fearful
dataset\ravdess\Actor_07\03-01-07-01-01-01-07.wav,Disgust
dataset\ravdess\Actor_07\03-01-07-01-01-02-07.wav,Disgust
dataset\ravdess\Actor_07\03-01-07-01-02-01-07.wav,Disgust
dataset\ravdess\Actor_07\03-01-07-01-02-02-07.wav,Disgust
dataset\ravdess\Actor_07\03-01-07-02-01-01-07.wav,Disgust
dataset\ravdess\Actor_07\03-01-07-02-01-02-07.wav,Disgust
dataset\ravdess\Actor_07\03-01-07-02-02-01-07.wav,Disgust
dataset\ravdess\Actor_07\03-01-07-02-02-02-07.wav,Disgust
dataset\ravdess\Actor_07\03-01-08-01-01-01-07.wav,Surprised
dataset\ravdess\Actor_07\03-01-08-01-01-02-07.wav,Surprised
dataset\ravdess\Actor_07\03-01-08-01-02-01-07.wav,Surprised
dataset\ravdess\Actor_07\03-01-08-01-02-02-07.wav,Surprised
dataset\ravdess\Actor_07\03-01-08-02-01-01-07.wav,Surprised
dataset\ravdess\Actor_07\03-01-08-02-01-02-07.wav,Surprised
dataset\ravdess\Actor_07\03-01-08-02-02-01-07.wav,Surprised
dataset\ravdess\Actor_07\03-01-08-02-02-02-07.wav,Surprised
dataset\ravdess\Actor_08\03-01-01-01-01-01-08.wav,Neutral
dataset\ravdess\Actor_08\03-01-01-01-01-02-08.wav,Neutral
dataset\ravdess\Actor_08\03-01-01-01-02-01-08.wav,Neutral
dataset\ravdess\Actor_08\03-01-01-01-02-02-08.wav,Neutral
dataset\ravdess\Actor_08\03-01-02-01-01-01-08.wav,Calm
dataset\ravdess\Actor_08\03-01-02-01-01-02-08.wav,Calm
dataset\ravdess\Actor_08\03-01-02-01-02-01-08.wav,Calm
dataset\ravdess\Actor_08\03-01-02-01-02-02-08.wav,Calm
dataset\ravdess\Actor_08\03-01-02-02-01-01-08.wav,Calm
dataset\ravdess\Actor_08\03-01-02-02-01-02-08.wav,Calm
dataset\ravdess\Actor_08\03-01-02-02-02-01-08.wav,Calm
dataset\ravdess\Actor_08\03-01-02-02-02-02-08.wav,Calm
dataset\ravdess\Actor_08\03-01-03-01-01-01-08.wav,Happy
dataset\ravdess\Actor_08\03-01-03-01-01-02-08.wav,Happy
dataset\ravdess\Actor_08\03-01-03-01-02-01-08.wav,Happy
dataset\ravdess\Actor_08\03-01-03-01-02-02-08.wav,Happy
dataset\ravdess\Actor_08\03-01-03-02-01-01-08.wav,Happy
dataset\ravdess\Actor_08\03-01-03-02-01-02-08.wav,Happy
dataset\ravdess\Actor_08\03-01-03-02-02-01-08.wav,Happy
dataset\ravdess\Actor_08\03-01-03-02-02-02-08.wav,Happy
dataset\ravdess\Actor_08\03-01-04-01-01-01-08.wav,Sad
dataset\ravdess\Actor_08\03-01-04-01-01-02-08.wav,Sad
dataset\ravdess\Actor_08\03-01-04-01-02-01-08.wav,Sad
dataset\ravdess\Actor_08\03-01-04-01-02-02-08.wav,Sad
dataset\ravdess\Actor_08\03-01-04-02-01-01-08.wav,Sad
dataset\ravdess\Actor_08\03-01-04-02-01-02-08.wav,Sad
dataset\ravdess\Actor_08\03-01-04-02-02-01-08.wav,Sad
dataset\ravdess\Actor_08\03-01-04-02-02-02-08.wav,Sad
dataset\ravdess\Actor_08\03-01-05-01-01-01-08.wav,Angry
dataset\ravdess\Actor_08\03-01-05-01-01-02-08.wav,Angry
dataset\ravdess\Actor_08\03-01-05-01-02-01-08.wav,Angry
dataset\ravdess\Actor_08\03-01-05-01-02-02-08.wav,Angry
dataset\ravdess\Actor_08\03-01-05-02-01-01-08.wav,Angry
dataset\ravdess\Actor_08\03-01-05-02-01-02-08.wav,Angry
dataset\ravdess\Actor_08\03-01-05-02-02-01-08.wav,Angry
dataset\ravdess\Actor_08\03-01-05-02-02-02-08.wav,Angry
dataset\ravdess\Actor_08\03-01-06-01-01-01-08.wav,Fearful
dataset\ravdess\Actor_08\03-01-06-01-01-02-08.wav,Fearful
dataset\ravdess\Actor_08\03-01-06-01-02-01-08.wav,Fearful
dataset\ravdess\Actor_08\03-01-06-01-02-02-08.wav,Fearful
dataset\ravdess\Actor_08\03-01-06-02-01-01-08.wav,Fearful
dataset\ravdess\Actor_08\03-01-06-02-01-02-08.wav,Fearful
dataset\ravdess\Actor_08\03-01-06-02-02-01-08.wav,Fearful
dataset\ravdess\Actor_08\03-01-06-02-02-02-08.wav,Fearful
dataset\ravdess\Actor_08\03-01-07-01-01-01-08.wav,Disgust
dataset\ravdess\Actor_08\03-01-07-01-01-02-08.wav,Disgust
dataset\ravdess\Actor_08\03-01-07-01-02-01-08.wav,Disgust
dataset\ravdess\Actor_08\03-01-07-01-02-02-08.wav,Disgust
dataset\ravdess\Actor_08\03-01-07-02-01-01-08.wav,Disgust
dataset\ravdess\Actor_08\03-01-07-02-01-02-08.wav,Disgust
dataset\ravdess\Actor_08\03-01-07-02-02-01-08.wav,Disgust
dataset\ravdess\Actor_08\03-01-07-02-02-02-08.wav,Disgust
dataset\ravdess\Actor_08\03-01-08-01-01-01-08.wav,Surprised
dataset\ravdess\Actor_08\03-01-08-01-01-02-08.wav,Surprised
dataset\ravdess\Actor_08\03-01-08-01-02-01-08.wav,Surprised
dataset\ravdess\Actor_08\03-01-08-01-02-02-08.wav,Surprised
dataset\ravdess\Actor_08\03-01-08-02-01-01-08.wav,Surprised
dataset\ravdess\Actor_08\03-01-08-02-01-02-08.wav,Surprised
dataset\ravdess\Actor_08\03-01-08-02-02-01-08.wav,Surprised
dataset\ravdess\Actor_08\03-01-08-02-02-02-08.wav,Surprised
dataset\ravdess\Actor_09\03-01-01-01-01-01-09.wav,Neutral
dataset\ravdess\Actor_09\03-01-01-01-01-02-09.wav,Neutral
dataset\ravdess\Actor_09\03-01-01-01-02-01-09.wav,Neutral
dataset\ravdess\Actor_09\03-01-01-01-02-02-09.wav,Neutral
dataset\ravdess\Actor_09\03-01-02-01-01-01-09.wav,Calm
dataset\ravdess\Actor_09\03-01-02-01-01-02-09.wav,Calm
dataset\ravdess\Actor_09\03-01-02-01-02-01-09.wav,Calm
dataset\ravdess\Actor_09\03-01-02-01-02-02-09.wav,Calm
dataset\ravdess\Actor_09\03-01-02-02-01-01-09.wav,Calm
dataset\ravdess\Actor_09\03-01-02-02-01-02-09.wav,Calm
dataset\ravdess\Actor_09\03-01-02-02-02-01-09.wav,Calm
dataset\ravdess\Actor_09\03-01-02-02-02-02-09.wav,Calm
dataset\ravdess\Actor_09\03-01-03-01-01-01-09.wav,Happy
dataset\ravdess\Actor_09\03-01-03-01-01-02-09.wav,Happy
dataset\ravdess\Actor_09\03-01-03-01-02-01-09.wav,Happy
dataset\ravdess\Actor_09\03-01-03-01-02-02-09.wav,Happy
dataset\ravdess\Actor_09\03-01-03-02-01-01-09.wav,Happy
dataset\ravdess\Actor_09\03-01-03-02-01-02-09.wav,Happy
dataset\ravdess\Actor_09\03-01-03-02-02-01-09.wav,Happy
dataset\ravdess\Actor_09\03-01-03-02-02-02-09.wav,Happy
dataset\ravdess\Actor_09\03-01-04-01-01-01-09.wav,Sad
dataset\ravdess\Actor_09\03-01-04-01-01-02-09.wav,Sad
dataset\ravdess\Actor_09\03-01-04-01-02-01-09.wav,Sad
dataset\ravdess\Actor_09\03-01-04-01-02-02-09.wav,Sad
dataset\ravdess\Actor_09\03-01-04-02-01-01-09.wav,Sad
dataset\ravdess\Actor_09\03-01-04-02-01-02-09.wav,Sad
dataset\ravdess\Actor_09\03-01-04-02-02-01-09.wav,Sad
dataset\ravdess\Actor_09\03-01-04-02-02-02-09.wav,Sad
dataset\ravdess\Actor_09\03-01-05-01-01-01-09.wav,Angry
dataset\ravdess\Actor_09\03-01-05-01-01-02-09.wav,Angry
dataset\ravdess\Actor_09\03-01-05-01-02-01-09.wav,Angry
dataset\ravdess\Actor_09\03-01-05-01-02-02-09.wav,Angry
dataset\ravdess\Actor_09\03-01-05-02-01-01-09.wav,Angry
dataset\ravdess\Actor_09\03-01-05-02-01-02-09.wav,Angry
dataset\ravdess\Actor_09\03-01-05-02-02-01-09.wav,Angry
dataset\ravdess\Actor_09\03-01-05-02-02-02-09.wav,Angry
dataset\ravdess\Actor_09\03-01-06-01-01-01-09.wav,Fearful
dataset\ravdess\Actor_09\03-01-06-01-01-02-09.wav,Fearful
dataset\ravdess\Actor_09\03-01-06-01-02-01-09.wav,Fearful
dataset\ravdess\Actor_09\03-01-06-01-02-02-09.wav,Fearful
dataset\ravdess\Actor_09\03-01-06-02-01-01-09.wav,Fearful
dataset\ravdess\Actor_09\03-01-06-02-01-02-09.wav,Fearful
dataset\ravdess\Actor_09\03-01-06-02-02-01-09.wav,Fearful
dataset\ravdess\Actor_09\03-01-06-02-02-02-09.wav,Fearful
dataset\ravdess\Actor_09\03-01-07-01-01-01-09.wav,Disgust
dataset\ravdess\Actor_09\03-01-07-01-01-02-09.wav,Disgust
dataset\ravdess\Actor_09\03-01-07-01-02-01-09.wav,Disgust
dataset\ravdess\Actor_09\03-01-07-01-02-02-09.wav,Disgust
dataset\ravdess\Actor_09\03-01-07-02-01-01-09.wav,Disgust
dataset\ravdess\Actor_09\03-01-07-02-01-02-09.wav,Disgust
dataset\ravdess\Actor_09\03-01-07-02-02-01-09.wav,Disgust
dataset\ravdess\Actor_09\03-01-07-02-02-02-09.wav,Disgust
dataset\ravdess\Actor_09\03-01-08-01-01-01-09.wav,Surprised
dataset\ravdess\Actor_09\03-01-08-01-01-02-09.wav,Surprised
dataset\ravdess\Actor_09\03-01-08-01-02-01-09.wav,Surprised
dataset\ravdess\Actor_09\03-01-08-01-02-02-09.wav,Surprised
dataset\ravdess\Actor_09\03-01-08-02-01-01-09.wav,Surprised
dataset\ravdess\Actor_09\03-01-08-02-01-02-09.wav,Surprised
dataset\ravdess\Actor_09\03-01-08-02-02-01-09.wav,Surprised
dataset\ravdess\Actor_09\03-01-08-02-02-02-09.wav,Surprised
dataset\ravdess\Actor_10\03-01-01-01-01-01-10.wav,Neutral
dataset\ravdess\Actor_10\03-01-01-01-01-02-10.wav,Neutral
dataset\ravdess\Actor_10\03-01-01-01-02-01-10.wav,Neutral
dataset\ravdess\Actor_10\03-01-01-01-02-02-10.wav,Neutral
dataset\ravdess\Actor_10\03-01-02-01-01-01-10.wav,Calm
dataset\ravdess\Actor_10\03-01-02-01-01-02-10.wav,Calm
dataset\ravdess\Actor_10\03-01-02-01-02-01-10.wav,Calm
dataset\ravdess\Actor_10\03-01-02-01-02-02-10.wav,Calm
dataset\ravdess\Actor_10\03-01-02-02-01-01-10.wav,Calm
dataset\ravdess\Actor_10\03-01-02-02-01-02-10.wav,Calm
dataset\ravdess\Actor_10\03-01-02-02-02-01-10.wav,Calm
dataset\ravdess\Actor_10\03-01-02-02-02-02-10.wav,Calm
dataset\ravdess\Actor_10\03-01-03-01-01-01-10.wav,Happy
dataset\ravdess\Actor_10\03-01-03-01-01-02-10.wav,Happy
dataset\ravdess\Actor_10\03-01-03-01-02-01-10.wav,Happy
dataset\ravdess\Actor_10\03-01-03-01-02-02-10.wav,Happy
dataset\ravdess\Actor_10\03-01-03-02-01-01-10.wav,Happy
dataset\ravdess\Actor_10\03-01-03-02-01-02-10.wav,Happy
dataset\ravdess\Actor_10\03-01-03-02-02-01-10.wav,Happy
dataset\ravdess\Actor_10\03-01-03-02-02-02-10.wav,Happy
dataset\ravdess\Actor_10\03-01-04-01-01-01-10.wav,Sad
dataset\ravdess\Actor_10\03-01-04-01-01-02-10.wav,Sad
dataset\ravdess\Actor_10\03-01-04-01-02-01-10.wav,Sad
dataset\ravdess\Actor_10\03-01-04-01-02-02-10.wav,Sad
dataset\ravdess\Actor_10\03-01-04-02-01-01-10.wav,Sad
dataset\ravdess\Actor_10\03-01-04-02-01-02-10.wav,Sad
dataset\ravdess\Actor_10\03-01-04-02-02-01-10.wav,Sad
dataset\ravdess\Actor_10\03-01-04-02-02-02-10.wav,Sad
dataset\ravdess\Actor_10\03-01-05-01-01-01-10.wav,Angry
dataset\ravdess\Actor_10\03-01-05-01-01-02-10.wav,Angry
dataset\ravdess\Actor_10\03-01-05-01-02-01-10.wav,Angry
dataset\ravdess\Actor_10\03-01-05-01-02-02-10.wav,Angry
dataset\ravdess\Actor_10\03-01-05-02-01-01-10.wav,Angry
dataset\ravdess\Actor_10\03-01-05-02-01-02-10.wav,Angry
dataset\ravdess\Actor_10\03-01-05-02-02-01-10.wav,Angry
dataset\ravdess\Actor_10\03-01-05-02-02-02-10.wav,Angry
dataset\ravdess\Actor_10\03-01-06-01-01-01-10.wav,Fearful
dataset\ravdess\Actor_10\03-01-06-01-01-02-10.wav,Fearful
dataset\ravdess\Actor_10\03-01-06-01-02-01-10.wav,Fearful
dataset\ravdess\Actor_10\03-01-06-01-02-02-10.wav,Fearful
dataset\ravdess\Actor_10\03-01-06-02-01-01-10.wav,Fearful
dataset\ravdess\Actor_10\03-01-06-02-01-02-10.wav,Fearful
dataset\ravdess\Actor_10\03-01-06-02-02-01-10.wav,Fearful
dataset\ravdess\Actor_10\03-01-06-02-02-02-10.wav,Fearful
dataset\ravdess\Actor_10\03-01-07-01-01-01-10.wav,Disgust
dataset\ravdess\Actor_10\03-01-07-01-01-02-10.wav,Disgust
dataset\ravdess\Actor_10\03-01-07-01-02-01-10.wav,Disgust
dataset\ravdess\Actor_10\03-01-07-01-02-02-10.wav,Disgust
dataset\ravdess\Actor_10\03-01-07-02-01-01-10.wav,Disgust
dataset\ravdess\Actor_10\03-01-07-02-01-02-10.wav,Disgust
dataset\ravdess\Actor_10\03-01-07-02-02-01-10.wav,Disgust
dataset\ravdess\Actor_10\03-01-07-02-02-02-10.wav,Disgust
dataset\ravdess\Actor_10\03-01-08-01-01-01-10.wav,Surprised
dataset\ravdess\Actor_10\03-01-08-01-01-02-10.wav,Surprised
dataset\ravdess\Actor_10\03-01-08-01-02-01-10.wav,Surprised
dataset\ravdess\Actor_10\03-01-08-01-02-02-10.wav,Surprised
dataset\ravdess\Actor_10\03-01-08-02-01-01-10.wav,Surprised
dataset\ravdess\Actor_10\03-01-08-02-01-02-10.wav,Surprised
dataset\ravdess\Actor_10\03-01-08-02-02-01-10.wav,Surprised
dataset\ravdess\Actor_10\03-01-08-02-02-02-10.wav,Surprised
dataset\ravdess\Actor_11\03-01-01-01-01-01-11.wav,Neutral
dataset\ravdess\Actor_11\03-01-01-01-01-02-11.wav,Neutral
dataset\ravdess\Actor_11\03-01-01-01-02-01-11.wav,Neutral
dataset\ravdess\Actor_11\03-01-01-01-02-02-11.wav,Neutral
dataset\ravdess\Actor_11\03-01-02-01-01-01-11.wav,Calm
dataset\ravdess\Actor_11\03-01-02-01-01-02-11.wav,Calm
dataset\ravdess\Actor_11\03-01-02-01-02-01-11.wav,Calm
dataset\ravdess\Actor_11\03-01-02-01-02-02-11.wav,Calm
dataset\ravdess\Actor_11\03-01-02-02-01-01-11.wav,Calm
dataset\ravdess\Actor_11\03-01-02-02-01-02-11.wav,Calm
dataset\ravdess\Actor_11\03-01-02-02-02-01-11.wav,Calm
dataset\ravdess\Actor_11\03-01-02-02-02-02-11.wav,Calm
dataset\ravdess\Actor_11\03-01-03-01-01-01-11.wav,Happy
dataset\ravdess\Actor_11\03-01-03-01-01-02-11.wav,Happy
dataset\ravdess\Actor_11\03-01-03-01-02-01-11.wav,Happy
dataset\ravdess\Actor_11\03-01-03-01-02-02-11.wav,Happy
dataset\ravdess\Actor_11\03-01-03-02-01-01-11.wav,Happy
dataset\ravdess\Actor_11\03-01-03-02-01-02-11.wav,Happy
dataset\ravdess\Actor_11\03-01-03-02-02-01-11.wav,Happy
dataset\ravdess\Actor_11\03-01-03-02-02-02-11.wav,Happy
dataset\ravdess\Actor_11\03-01-04-01-01-01-11.wav,Sad
dataset\ravdess\Actor_11\03-01-04-01-01-02-11.wav,Sad
dataset\ravdess\Actor_11\03-01-04-01-02-01-11.wav,Sad
dataset\ravdess\Actor_11\03-01-04-01-02-02-11.wav,Sad
dataset\ravdess\Actor_11\03-01-04-02-01-01-11.wav,Sad
dataset\ravdess\Actor_11\03-01-04-02-01-02-11.wav,Sad
dataset\ravdess\Actor_11\03-01-04-02-02-01-11.wav,Sad
dataset\ravdess\Actor_11\03-01-04-02-02-02-11.wav,Sad
dataset\ravdess\Actor_11\03-01-05-01-01-01-11.wav,Angry
dataset\ravdess\Actor_11\03-01-05-01-01-02-11.wav,Angry
dataset\ravdess\Actor_11\03-01-05-01-02-01-11.wav,Angry
dataset\ravdess\Actor_11\03-01-05-01-02-02-11.wav,Angry
dataset\ravdess\Actor_11\03-01-05-02-01-01-11.wav,Angry
dataset\ravdess\Actor_11\03-01-05-02-01-02-11.wav,Angry
dataset\ravdess\Actor_11\03-01-05-02-02-01-11.wav,Angry
dataset\ravdess\Actor_11\03-01-05-02-02-02-11.wav,Angry
dataset\ravdess\Actor_11\03-01-06-01-01-01-11.wav,Fearful
dataset\ravdess\Actor_11\03-01-06-01-01-02-11.wav,Fearful
dataset\ravdess\Actor_11\03-01-06-01-02-01-11.wav,Fearful
dataset\ravdess\Actor_11\03-01-06-01-02-02-11.wav,Fearful
dataset\ravdess\Actor_11\03-01-06-02-01-01-11.wav,Fearful
dataset\ravdess\Actor_11\03-01-06-02-01-02-11.wav,Fearful
dataset\ravdess\Actor_11\03-01-06-02-02-01-11.wav,Fearful
dataset\ravdess\Actor_11\03-01-06-02-02-02-11.wav,Fearful
dataset\ravdess\Actor_11\03-01-07-01-01-01-11.wav,Disgust
dataset\ravdess\Actor_11\03-01-07-01-01-02-11.wav,Disgust
dataset\ravdess\Actor_11\03-01-07-01-02-01-11.wav,Disgust
dataset\ravdess\Actor_11\03-01-07-01-02-02-11.wav,Disgust
dataset\ravdess\Actor_11\03-01-07-02-01-01-11.wav,Disgust
dataset\ravdess\Actor_11\03-01-07-02-01-02-11.wav,Disgust
dataset\ravdess\Actor_11\03-01-07-02-02-01-11.wav,Disgust
dataset\ravdess\Actor_11\03-01-07-02-02-02-11.wav,Disgust
dataset\ravdess\Actor_11\03-01-08-01-01-01-11.wav,Surprised
dataset\ravdess\Actor_11\03-01-08-01-01-02-11.wav,Surprised
dataset\ravdess\Actor_11\03-01-08-01-02-01-11.wav,Surprised
dataset\ravdess\Actor_11\03-01-08-01-02-02-11.wav,Surprised
dataset\ravdess\Actor_11\03-01-08-02-01-01-11.wav,Surprised
dataset\ravdess\Actor_11\03-01-08-02-01-02-11.wav,Surprised
dataset\ravdess\Actor_11\03-01-08-02-02-01-11.wav,Surprised
dataset\ravdess\Actor_11\03-01-08-02-02-02-11.wav,Surprised
dataset\ravdess\Actor_12\03-01-01-01-01-01-12.wav,Neutral
dataset\ravdess\Actor_12\03-01-01-01-01-02-12.wav,Neutral
dataset\ravdess\Actor_12\03-01-01-01-02-01-12.wav,Neutral
dataset\ravdess\Actor_12\03-01-01-01-02-02-12.wav,Neutral
dataset\ravdess\Actor_12\03-01-02-01-01-01-12.wav,Calm
dataset\ravdess\Actor_12\03-01-02-01-01-02-12.wav,Calm
dataset\ravdess\Actor_12\03-01-02-01-02-01-12.wav,Calm
dataset\ravdess\Actor_12\03-01-02-01-02-02-12.wav,Calm
dataset\ravdess\Actor_12\03-01-02-02-01-01-12.wav,Calm
dataset\ravdess\Actor_12\03-01-02-02-01-02-12.wav,Calm
dataset\ravdess\Actor_12\03-01-02-02-02-01-12.wav,Calm
dataset\ravdess\Actor_12\03-01-02-02-02-02-12.wav,Calm
dataset\ravdess\Actor_12\03-01-03-01-01-01-12.wav,Happy
dataset\ravdess\Actor_12\03-01-03-01-01-02-12.wav,Happy
dataset\ravdess\Actor_12\03-01-03-01-02-01-12.wav,Happy
dataset\ravdess\Actor_12\03-01-03-01-02-02-12.wav,Happy
dataset\ravdess\Actor_12\03-01-03-02-01-01-12.wav,Happy
dataset\ravdess\Actor_12\03-01-03-02-01-02-12.wav,Happy
dataset\ravdess\Actor_12\03-01-03-02-02-01-12.wav,Happy
dataset\ravdess\Actor_12\03-01-03-02-02-02-12.wav,Happy
dataset\ravdess\Actor_12\03-01-04-01-01-01-12.wav,Sad
dataset\ravdess\Actor_12\03-01-04-01-01-02-12.wav,Sad
dataset\ravdess\Actor_12\03-01-04-01-02-01-12.wav,Sad
dataset\ravdess\Actor_12\03-01-04-01-02-02-12.wav,Sad
dataset\ravdess\Actor_12\03-01-04-02-01-01-12.wav,Sad
dataset\ravdess\Actor_12\03-01-04-02-01-02-12.wav,Sad
dataset\ravdess\Actor_12\03-01-04-02-02-01-12.wav,Sad
dataset\ravdess\Actor_12\03-01-04-02-02-02-12.wav,Sad
dataset\ravdess\Actor_12\03-01-05-01-01-01-12.wav,Angry
dataset\ravdess\Actor_12\03-01-05-01-01-02-12.wav,Angry
dataset\ravdess\Actor_12\03-01-05-01-02-01-12.wav,Angry
dataset\ravdess\Actor_12\03-01-05-01-02-02-12.wav,Angry
dataset\ravdess\Actor_12\03-01-05-02-01-01-12.wav,Angry
dataset\ravdess\Actor_12\03-01-05-02-01-02-12.wav,Angry
dataset\ravdess\Actor_12\03-01-05-02-02-01-12.wav,Angry
dataset\ravdess\Actor_12\03-01-05-02-02-02-12.wav,Angry
dataset\ravdess\Actor_12\03-01-06-01-01-01-12.wav,Fearful
dataset\ravdess\Actor_12\03-01-06-01-01-02-12.wav,Fearful
dataset\ravdess\Actor_12\03-01-06-01-02-01-12.wav,Fearful
dataset\ravdess\Actor_12\03-01-06-01-02-02-12.wav,Fearful
dataset\ravdess\Actor_12\03-01-06-02-01-01-12.wav,Fearful
dataset\ravdess\Actor_12\03-01-06-02-01-02-12.wav,Fearful
dataset\ravdess\Actor_12\03-01-06-02-02-01-12.wav,Fearful
dataset\ravdess\Actor_12\03-01-06-02-02-02-12.wav,Fearful
dataset\ravdess\Actor_12\03-01-07-01-01-01-12.wav,Disgust
dataset\ravdess\Actor_12\03-01-07-01-01-02-12.wav,Disgust
dataset\ravdess\Actor_12\03-01-07-01-02-01-12.wav,Disgust
dataset\ravdess\Actor_12\03-01-07-01-02-02-12.wav,Disgust
dataset\ravdess\Actor_12\03-01-07-02-01-01-12.wav,Disgust
dataset\ravdess\Actor_12\03-01-07-02-01-02-12.wav,Disgust
dataset\ravdess\Actor_12\03-01-07-02-02-01-12.wav,Disgust
dataset\ravdess\Actor_12\03-01-07-02-02-02-12.wav,Disgust
dataset\ravdess\Actor_12\03-01-08-01-01-01-12.wav,Surprised
dataset\ravdess\Actor_12\03-01-08-01-01-02-12.wav,Surprised
dataset\ravdess\Actor_12\03-01-08-01-02-01-12.wav,Surprised
dataset\ravdess\Actor_12\03-01-08-01-02-02-12.wav,Surprised
dataset\ravdess\Actor_12\03-01-08-02-01-01-12.wav,Surprised
dataset\ravdess\Actor_12\03-01-08-02-01-02-12.wav,Surprised
dataset\ravdess\Actor_12\03-01-08-02-02-01-12.wav,Surprised
dataset\ravdess\Actor_12\03-01-08-02-02-02-12.wav,Surprised
dataset\ravdess\Actor_13\03-01-01-01-01-01-13.wav,Neutral
dataset\ravdess\Actor_13\03-01-01-01-01-02-13.wav,Neutral
dataset\ravdess\Actor_13\03-01-01-01-02-01-13.wav,Neutral
dataset\ravdess\Actor_13\03-01-01-01-02-02-13.wav,Neutral
dataset\ravdess\Actor_13\03-01-02-01-01-01-13.wav,Calm
dataset\ravdess\Actor_13\03-01-02-01-01-02-13.wav,Calm
dataset\ravdess\Actor_13\03-01-02-01-02-01-13.wav,Calm
dataset\ravdess\Actor_13\03-01-02-01-02-02-13.wav,Calm
dataset\ravdess\Actor_13\03-01-02-02-01-01-13.wav,Calm
dataset\ravdess\Actor_13\03-01-02-02-01-02-13.wav,Calm
dataset\ravdess\Actor_13\03-01-02-02-02-01-13.wav,Calm
dataset\ravdess\Actor_13\03-01-02-02-02-02-13.wav,Calm
dataset\ravdess\Actor_13\03-01-03-01-01-01-13.wav,Happy
dataset\ravdess\Actor_13\03-01-03-01-01-02-13.wav,Happy
dataset\ravdess\Actor_13\03-01-03-01-02-01-13.wav,Happy
dataset\ravdess\Actor_13\03-01-03-01-02-02-13.wav,Happy
dataset\ravdess\Actor_13\03-01-03-02-01-01-13.wav,Happy
dataset\ravdess\Actor_13\03-01-03-02-01-02-13.wav,Happy
dataset\ravdess\Actor_13\03-01-03-02-02-01-13.wav,Happy
dataset\ravdess\Actor_13\03-01-03-02-02-02-13.wav,Happy
dataset\ravdess\Actor_13\03-01-04-01-01-01-13.wav,Sad
dataset\ravdess\Actor_13\03-01-04-01-01-02-13.wav,Sad
dataset\ravdess\Actor_13\03-01-04-01-02-01-13.wav,Sad
dataset\ravdess\Actor_13\03-01-04-01-02-02-13.wav,Sad
dataset\ravdess\Actor_13\03-01-04-02-01-01-13.wav,Sad
dataset\ravdess\Actor_13\03-01-04-02-01-02-13.wav,Sad
dataset\ravdess\Actor_13\03-01-04-02-02-01-13.wav,Sad
dataset\ravdess\Actor_13\03-01-04-02-02-02-13.wav,Sad
dataset\ravdess\Actor_13\03-01-05-01-01-01-13.wav,Angry
dataset\ravdess\Actor_13\03-01-05-01-01-02-13.wav,Angry
dataset\ravdess\Actor_13\03-01-05-01-02-01-13.wav,Angry
dataset\ravdess\Actor_13\03-01-05-01-02-02-13.wav,Angry
dataset\ravdess\Actor_13\03-01-05-02-01-01-13.wav,Angry
dataset\ravdess\Actor_13\03-01-05-02-01-02-13.wav,Angry
dataset\ravdess\Actor_13\03-01-05-02-02-01-13.wav,Angry
dataset\ravdess\Actor_13\03-01-05-02-02-02-13.wav,Angry
dataset\ravdess\Actor_13\03-01-06-01-01-01-13.wav,Fearful
dataset\ravdess\Actor_13\03-01-06-01-01-02-13.wav,Fearful
dataset\ravdess\Actor_13\03-01-06-01-02-01-13.wav,Fearful
dataset\ravdess\Actor_13\03-01-06-01-02-02-13.wav,Fearful
dataset\ravdess\Actor_13\03-01-06-02-01-01-13.wav,Fearful
dataset\ravdess\Actor_13\03-01-06-02-01-02-13.wav,Fearful
dataset\ravdess\Actor_13\03-01-06-02-02-01-13.wav,Fearful
dataset\ravdess\Actor_13\03-01-06-02-02-02-13.wav,Fearful
dataset\ravdess\Actor_13\03-01-07-01-01-01-13.wav,Disgust
dataset\ravdess\Actor_13\03-01-07-01-01-02-13.wav,Disgust
dataset\ravdess\Actor_13\03-01-07-01-02-01-13.wav,Disgust
dataset\ravdess\Actor_13\03-01-07-01-02-02-13.wav,Disgust
dataset\ravdess\Actor_13\03-01-07-02-01-01-13.wav,Disgust
dataset\ravdess\Actor_13\03-01-07-02-01-02-13.wav,Disgust
dataset\ravdess\Actor_13\03-01-07-02-02-01-13.wav,Disgust
dataset\ravdess\Actor_13\03-01-07-02-02-02-13.wav,Disgust
dataset\ravdess\Actor_13\03-01-08-01-01-01-13.wav,Surprised
dataset\ravdess\Actor_13\03-01-08-01-01-02-13.wav,Surprised
dataset\ravdess\Actor_13\03-01-08-01-02-01-13.wav,Surprised
dataset\ravdess\Actor_13\03-01-08-01-02-02-13.wav,Surprised
dataset\ravdess\Actor_13\03-01-08-02-01-01-13.wav,Surprised
dataset\ravdess\Actor_13\03-01-08-02-01-02-13.wav,Surprised
dataset\ravdess\Actor_13\03-01-08-02-02-01-13.wav,Surprised
dataset\ravdess\Actor_13\03-01-08-02-02-02-13.wav,Surprised
dataset\ravdess\Actor_14\03-01-01-01-01-01-14.wav,Neutral
dataset\ravdess\Actor_14\03-01-01-01-01-02-14.wav,Neutral
dataset\ravdess\Actor_14\03-01-01-01-02-01-14.wav,Neutral
dataset\ravdess\Actor_14\03-01-01-01-02-02-14.wav,Neutral
dataset\ravdess\Actor_14\03-01-02-01-01-01-14.wav,Calm
dataset\ravdess\Actor_14\03-01-02-01-01-02-14.wav,Calm
dataset\ravdess\Actor_14\03-01-02-01-02-01-14.wav,Calm
dataset\ravdess\Actor_14\03-01-02-01-02-02-14.wav,Calm
dataset\ravdess\Actor_14\03-01-02-02-01-01-14.wav,Calm
dataset\ravdess\Actor_14\03-01-02-02-01-02-14.wav,Calm
dataset\ravdess\Actor_14\03-01-02-02-02-01-14.wav,Calm
dataset\ravdess\Actor_14\03-01-02-02-02-02-14.wav,Calm
dataset\ravdess\Actor_14\03-01-03-01-01-01-14.wav,Happy
dataset\ravdess\Actor_14\03-01-03-01-01-02-14.wav,Happy
dataset\ravdess\Actor_14\03-01-03-01-02-01-14.wav,Happy
dataset\ravdess\Actor_14\03-01-03-01-02-02-14.wav,Happy
dataset\ravdess\Actor_14\03-01-03-02-01-01-14.wav,Happy
dataset\ravdess\Actor_14\03-01-03-02-01-02-14.wav,Happy
dataset\ravdess\Actor_14\03-01-03-02-02-01-14.wav,Happy
dataset\ravdess\Actor_14\03-01-03-02-02-02-14.wav,Happy
dataset\ravdess\Actor_14\03-01-04-01-01-01-14.wav,Sad
dataset\ravdess\Actor_14\03-01-04-01-01-02-14.wav,Sad
dataset\ravdess\Actor_14\03-01-04-01-02-01-14.wav,Sad
dataset\ravdess\Actor_14\03-01-04-01-02-02-14.wav,Sad
dataset\ravdess\Actor_14\03-01-04-02-01-01-14.wav,Sad
dataset\ravdess\Actor_14\03-01-04-02-01-02-14.wav,Sad
dataset\ravdess\Actor_14\03-01-04-02-02-01-14.wav,Sad
dataset\ravdess\Actor_14\03-01-04-02-02-02-14.wav,Sad
dataset\ravdess\Actor_14\03-01-05-01-01-01-14.wav,Angry
dataset\ravdess\Actor_14\03-01-05-01-01-02-14.wav,Angry
dataset\ravdess\Actor_14\03-01-05-01-02-01-14.wav,Angry
dataset\ravdess\Actor_14\03-01-05-01-02-02-14.wav,Angry
dataset\ravdess\Actor_14\03-01-05-02-01-01-14.wav,Angry
dataset\ravdess\Actor_14\03-01-05-02-01-02-14.wav,Angry
dataset\ravdess\Actor_14\03-01-05-02-02-01-14.wav,Angry
dataset\ravdess\Actor_14\03-01-05-02-02-02-14.wav,Angry
dataset\ravdess\Actor_14\03-01-06-01-01-01-14.wav,Fearful
dataset\ravdess\Actor_14\03-01-06-01-01-02-14.wav,Fearful
dataset\ravdess\Actor_14\03-01-06-01-02-01-14.wav,Fearful
dataset\ravdess\Actor_14\03-01-06-01-02-02-14.wav,Fearful
dataset\ravdess\Actor_14\03-01-06-02-01-01-14.wav,Fearful
dataset\ravdess\Actor_14\03-01-06-02-01-02-14.wav,Fearful
dataset\ravdess\Actor_14\03-01-06-02-02-01-14.wav,Fearful
dataset\ravdess\Actor_14\03-01-06-02-02-02-14.wav,Fearful
dataset\ravdess\Actor_14\03-01-07-01-01-01-14.wav,Disgust
dataset\ravdess\Actor_14\03-01-07-01-01-02-14.wav,Disgust
dataset\ravdess\Actor_14\03-01-07-01-02-01-14.wav,Disgust
dataset\ravdess\Actor_14\03-01-07-01-02-02-14.wav,Disgust
dataset\ravdess\Actor_14\03-01-07-02-01-01-14.wav,Disgust
dataset\ravdess\Actor_14\03-01-07-02-01-02-14.wav,Disgust
dataset\ravdess\Actor_14\03-01-07-02-02-01-14.wav,Disgust
dataset\ravdess\Actor_14\03-01-07-02-02-02-14.wav,Disgust
dataset\ravdess\Actor_14\03-01-08-01-01-01-14.wav,Surprised
dataset\ravdess\Actor_14\03-01-08-01-01-02-14.wav,Surprised
dataset\ravdess\Actor_14\03-01-08-01-02-01-14.wav,Surprised
dataset\ravdess\Actor_14\03-01-08-01-02-02-14.wav,Surprised
dataset\ravdess\Actor_14\03-01-08-02-01-01-14.wav,Surprised
dataset\ravdess\Actor_14\03-01-08-02-01-02-14.wav,Surprised
dataset\ravdess\Actor_14\03-01-08-02-02-01-14.wav,Surprised
dataset\ravdess\Actor_14\03-01-08-02-02-02-14.wav,Surprised
dataset\ravdess\Actor_15\03-01-01-01-01-01-15.wav,Neutral
dataset\ravdess\Actor_15\03-01-01-01-01-02-15.wav,Neutral
dataset\ravdess\Actor_15\03-01-01-01-02-01-15.wav,Neutral
dataset\ravdess\Actor_15\03-01-01-01-02-02-15.wav,Neutral
dataset\ravdess\Actor_15\03-01-02-01-01-01-15.wav,Calm
dataset\ravdess\Actor_15\03-01-02-01-01-02-15.wav,Calm
dataset\ravdess\Actor_15\03-01-02-01-02-01-15.wav,Calm
dataset\ravdess\Actor_15\03-01-02-01-02-02-15.wav,Calm
dataset\ravdess\Actor_15\03-01-02-02-01-01-15.wav,Calm
dataset\ravdess\Actor_15\03-01-02-02-01-02-15.wav,Calm
dataset\ravdess\Actor_15\03-01-02-02-02-01-15.wav,Calm
dataset\ravdess\Actor_15\03-01-02-02-02-02-15.wav,Calm
dataset\ravdess\Actor_15\03-01-03-01-01-01-15.wav,Happy
dataset\ravdess\Actor_15\03-01-03-01-01-02-15.wav,Happy
dataset\ravdess\Actor_15\03-01-03-01-02-01-15.wav,Happy
dataset\ravdess\Actor_15\03-01-03-01-02-02-15.wav,Happy
dataset\ravdess\Actor_15\03-01-03-02-01-01-15.wav,Happy
dataset\ravdess\Actor_15\03-01-03-02-01-02-15.wav,Happy
dataset\ravdess\Actor_15\03-01-03-02-02-01-15.wav,Happy
dataset\ravdess\Actor_15\03-01-03-02-02-02-15.wav,Happy
dataset\ravdess\Actor_15\03-01-04-01-01-01-15.wav,Sad
dataset\ravdess\Actor_15\03-01-04-01-01-02-15.wav,Sad
dataset\ravdess\Actor_15\03-01-04-01-02-01-15.wav,Sad
dataset\ravdess\Actor_15\03-01-04-01-02-02-15.wav,Sad
dataset\ravdess\Actor_15\03-01-04-02-01-01-15.wav,Sad
dataset\ravdess\Actor_15\03-01-04-02-01-02-15.wav,Sad
dataset\ravdess\Actor_15\03-01-04-02-02-01-15.wav,Sad
dataset\ravdess\Actor_15\03-01-04-02-02-02-15.wav,Sad
dataset\ravdess\Actor_15\03-01-05-01-01-01-15.wav,Angry
dataset\ravdess\Actor_15\03-01-05-01-01-02-15.wav,Angry
dataset\ravdess\Actor_15\03-01-05-01-02-01-15.wav,Angry
dataset\ravdess\Actor_15\03-01-05-01-02-02-15.wav,Angry
dataset\ravdess\Actor_15\03-01-05-02-01-01-15.wav,Angry
dataset\ravdess\Actor_15\03-01-05-02-01-02-15.wav,Angry
dataset\ravdess\Actor_15\03-01-05-02-02-01-15.wav,Angry
dataset\ravdess\Actor_15\03-01-05-02-02-02-15.wav,Angry
dataset\ravdess\Actor_15\03-01-06-01-01-01-15.wav,Fearful
dataset\ravdess\Actor_15\03-01-06-01-01-02-15.wav,Fearful
dataset\ravdess\Actor_15\03-01-06-01-02-01-15.wav,Fearful
dataset\ravdess\Actor_15\03-01-06-01-02-02-15.wav,Fearful
dataset\ravdess\Actor_15\03-01-06-02-01-01-15.wav,Fearful
dataset\ravdess\Actor_15\03-01-06-02-01-02-15.wav,Fearful
dataset\ravdess\Actor_15\03-01-06-02-02-01-15.wav,Fearful
dataset\ravdess\Actor_15\03-01-06-02-02-02-15.wav,Fearful
dataset\ravdess\Actor_15\03-01-07-01-01-01-15.wav,Disgust
dataset\ravdess\Actor_15\03-01-07-01-01-02-15.wav,Disgust
dataset\ravdess\Actor_15\03-01-07-01-02-01-15.wav,Disgust
dataset\ravdess\Actor_15\03-01-07-01-02-02-15.wav,Disgust
dataset\ravdess\Actor_15\03-01-07-02-01-01-15.wav,Disgust
dataset\ravdess\Actor_15\03-01-07-02-01-02-15.wav,Disgust
dataset\ravdess\Actor_15\03-01-07-02-02-01-15.wav,Disgust
dataset\ravdess\Actor_15\03-01-07-02-02-02-15.wav,Disgust
dataset\ravdess\Actor_15\03-01-08-01-01-01-15.wav,Surprised
dataset\ravdess\Actor_15\03-01-08-01-01-02-15.wav,Surprised
dataset\ravdess\Actor_15\03-01-08-01-02-01-15.wav,Surprised
dataset\ravdess\Actor_15\03-01-08-01-02-02-15.wav,Surprised
dataset\ravdess\Actor_15\03-01-08-02-01-01-15.wav,Surprised
dataset\ravdess\Actor_15\03-01-08-02-01-02-15.wav,Surprised
dataset\ravdess\Actor_15\03-01-08-02-02-01-15.wav,Surprised
dataset\ravdess\Actor_15\03-01-08-02-02-02-15.wav,Surprised
dataset\ravdess\Actor_16\03-01-01-01-01-01-16.wav,Neutral
dataset\ravdess\Actor_16\03-01-01-01-01-02-16.wav,Neutral
dataset\ravdess\Actor_16\03-01-01-01-02-01-16.wav,Neutral
dataset\ravdess\Actor_16\03-01-01-01-02-02-16.wav,Neutral
dataset\ravdess\Actor_16\03-01-02-01-01-01-16.wav,Calm
dataset\ravdess\Actor_16\03-01-02-01-01-02-16.wav,Calm
dataset\ravdess\Actor_16\03-01-02-01-02-01-16.wav,Calm
dataset\ravdess\Actor_16\03-01-02-01-02-02-16.wav,Calm
dataset\ravdess\Actor_16\03-01-02-02-01-01-16.wav,Calm
dataset\ravdess\Actor_16\03-01-02-02-01-02-16.wav,Calm
dataset\ravdess\Actor_16\03-01-02-02-02-01-16.wav,Calm
dataset\ravdess\Actor_16\03-01-02-02-02-02-16.wav,Calm
dataset\ravdess\Actor_16\03-01-03-01-01-01-16.wav,Happy
dataset\ravdess\Actor_16\03-01-03-01-01-02-16.wav,Happy
dataset\ravdess\Actor_16\03-01-03-01-02-01-16.wav,Happy
dataset\ravdess\Actor_16\03-01-03-01-02-02-16.wav,Happy
dataset\ravdess\Actor_16\03-01-03-02-01-01-16.wav,Happy
dataset\ravdess\Actor_16\03-01-03-02-01-02-16.wav,Happy
dataset\ravdess\Actor_16\03-01-03-02-02-01-16.wav,Happy
dataset\ravdess\Actor_16\03-01-03-02-02-02-16.wav,Happy
dataset\ravdess\Actor_16\03-01-04-01-01-01-16.wav,Sad
dataset\ravdess\Actor_16\03-01-04-01-01-02-16.wav,Sad
dataset\ravdess\Actor_16\03-01-04-01-02-01-16.wav,Sad
dataset\ravdess\Actor_16\03-01-04-01-02-02-16.wav,Sad
dataset\ravdess\Actor_16\03-01-04-02-01-01-16.wav,Sad
dataset\ravdess\Actor_16\03-01-04-02-01-02-16.wav,Sad
dataset\ravdess\Actor_16\03-01-04-02-02-01-16.wav,Sad
dataset\ravdess\Actor_16\03-01-04-02-02-02-16.wav,Sad
dataset\ravdess\Actor_16\03-01-05-01-01-01-16.wav,Angry
dataset\ravdess\Actor_16\03-01-05-01-01-02-16.wav,Angry
dataset\ravdess\Actor_16\03-01-05-01-02-01-16.wav,Angry
dataset\ravdess\Actor_16\03-01-05-01-02-02-16.wav,Angry
dataset\ravdess\Actor_16\03-01-05-02-01-01-16.wav,Angry
dataset\ravdess\Actor_16\03-01-05-02-01-02-16.wav,Angry
dataset\ravdess\Actor_16\03-01-05-02-02-01-16.wav,Angry
dataset\ravdess\Actor_16\03-01-05-02-02-02-16.wav,Angry
dataset\ravdess\Actor_16\03-01-06-01-01-01-16.wav,Fearful
dataset\ravdess\Actor_16\03-01-06-01-01-02-16.wav,Fearful
dataset\ravdess\Actor_16\03-01-06-01-02-01-16.wav,Fearful
dataset\ravdess\Actor_16\03-01-06-01-02-02-16.wav,Fearful
dataset\ravdess\Actor_16\03-01-06-02-01-01-16.wav,Fearful
dataset\ravdess\Actor_16\03-01-06-02-01-02-16.wav,Fearful
dataset\ravdess\Actor_16\03-01-06-02-02-01-16.wav,Fearful
dataset\ravdess\Actor_16\03-01-06-02-02-02-16.wav,Fearful
dataset\ravdess\Actor_16\03-01-07-01-01-01-16.wav,Disgust
dataset\ravdess\Actor_16\03-01-07-01-01-02-16.wav,Disgust
dataset\ravdess\Actor_16\03-01-07-01-02-01-16.wav,Disgust
dataset\ravdess\Actor_16\03-01-07-01-02-02-16.wav,Disgust
dataset\ravdess\Actor_16\03-01-07-02-01-01-16.wav,Disgust
dataset\ravdess\Actor_16\03-01-07-02-01-02-16.wav,Disgust
dataset\ravdess\Actor_16\03-01-07-02-02-01-16.wav,Disgust
dataset\ravdess\Actor_16\03-01-07-02-02-02-16.wav,Disgust
dataset\ravdess\Actor_16\03-01-08-01-01-01-16.wav,Surprised
dataset\ravdess\Actor_16\03-01-08-01-01-02-16.wav,Surprised
dataset\ravdess\Actor_16\03-01-08-01-02-01-16.wav,Surprised
dataset\ravdess\Actor_16\03-01-08-01-02-02-16.wav,Surprised
dataset\ravdess\Actor_16\03-01-08-02-01-01-16.wav,Surprised
dataset\ravdess\Actor_16\03-01-08-02-01-02-16.wav,Surprised
dataset\ravdess\Actor_16\03-01-08-02-02-01-16.wav,Surprised
dataset\ravdess\Actor_16\03-01-08-02-02-02-16.wav,Surprised
dataset\ravdess\Actor_17\03-01-01-01-01-01-17.wav,Neutral
dataset\ravdess\Actor_17\03-01-01-01-01-02-17.wav,Neutral
dataset\ravdess\Actor_17\03-01-01-01-02-01-17.wav,Neutral
dataset\ravdess\Actor_17\03-01-01-01-02-02-17.wav,Neutral
dataset\ravdess\Actor_17\03-01-02-01-01-01-17.wav,Calm
dataset\ravdess\Actor_17\03-01-02-01-01-02-17.wav,Calm
dataset\ravdess\Actor_17\03-01-02-01-02-01-17.wav,Calm
dataset\ravdess\Actor_17\03-01-02-01-02-02-17.wav,Calm
dataset\ravdess\Actor_17\03-01-02-02-01-01-17.wav,Calm
dataset\ravdess\Actor_17\03-01-02-02-01-02-17.wav,Calm
dataset\ravdess\Actor_17\03-01-02-02-02-01-17.wav,Calm
dataset\ravdess\Actor_17\03-01-02-02-02-02-17.wav,Calm
dataset\ravdess\Actor_17\03-01-03-01-01-01-17.wav,Happy
dataset\ravdess\Actor_17\03-01-03-01-01-02-17.wav,Happy
dataset\ravdess\Actor_17\03-01-03-01-02-01-17.wav,Happy
dataset\ravdess\Actor_17\03-01-03-01-02-02-17.wav,Happy
dataset\ravdess\Actor_17\03-01-03-02-01-01-17.wav,Happy
dataset\ravdess\Actor_17\03-01-03-02-01-02-17.wav,Happy
dataset\ravdess\Actor_17\03-01-03-02-02-01-17.wav,Happy
dataset\ravdess\Actor_17\03-01-03-02-02-02-17.wav,Happy
dataset\ravdess\Actor_17\03-01-04-01-01-01-17.wav,Sad
dataset\ravdess\Actor_17\03-01-04-01-01-02-17.wav,Sad
dataset\ravdess\Actor_17\03-01-04-01-02-01-17.wav,Sad
dataset\ravdess\Actor_17\03-01-04-01-02-02-17.wav,Sad
dataset\ravdess\Actor_17\03-01-04-02-01-01-17.wav,Sad
dataset\ravdess\Actor_17\03-01-04-02-01-02-17.wav,Sad
dataset\ravdess\Actor_17\03-01-04-02-02-01-17.wav,Sad
dataset\ravdess\Actor_17\03-01-04-02-02-02-17.wav,Sad
dataset\ravdess\Actor_17\03-01-05-01-01-01-17.wav,Angry
dataset\ravdess\Actor_17\03-01-05-01-01-02-17.wav,Angry
dataset\ravdess\Actor_17\03-01-05-01-02-01-17.wav,Angry
dataset\ravdess\Actor_17\03-01-05-01-02-02-17.wav,Angry
dataset\ravdess\Actor_17\03-01-05-02-01-01-17.wav,Angry
dataset\ravdess\Actor_17\03-01-05-02-01-02-17.wav,Angry
dataset\ravdess\Actor_17\03-01-05-02-02-01-17.wav,Angry
dataset\ravdess\Actor_17\03-01-05-02-02-02-17.wav,Angry
dataset\ravdess\Actor_17\03-01-06-01-01-01-17.wav,Fearful
dataset\ravdess\Actor_17\03-01-06-01-01-02-17.wav,Fearful
dataset\ravdess\Actor_17\03-01-06-01-02-01-17.wav,Fearful
dataset\ravdess\Actor_17\03-01-06-01-02-02-17.wav,Fearful
dataset\ravdess\Actor_17\03-01-06-02-01-01-17.wav,Fearful
dataset\ravdess\Actor_17\03-01-06-02-01-02-17.wav,Fearful
dataset\ravdess\Actor_17\03-01-06-02-02-01-17.wav,Fearful
dataset\ravdess\Actor_17\03-01-06-02-02-02-17.wav,Fearful
dataset\ravdess\Actor_17\03-01-07-01-01-01-17.wav,Disgust
dataset\ravdess\Actor_17\03-01-07-01-01-02-17.wav,Disgust
dataset\ravdess\Actor_17\03-01-07-01-02-01-17.wav,Disgust
dataset\ravdess\Actor_17\03-01-07-01-02-02-17.wav,Disgust
dataset\ravdess\Actor_17\03-01-07-02-01-01-17.wav,Disgust
dataset\ravdess\Actor_17\03-01-07-02-01-02-17.wav,Disgust
dataset\ravdess\Actor_17\03-01-07-02-02-01-17.wav,Disgust
dataset\ravdess\Actor_17\03-01-07-02-02-02-17.wav,Disgust
dataset\ravdess\Actor_17\03-01-08-01-01-01-17.wav,Surprised
dataset\ravdess\Actor_17\03-01-08-01-01-02-17.wav,Surprised
dataset\ravdess\Actor_17\03-01-08-01-02-01-17.wav,Surprised
dataset\ravdess\Actor_17\03-01-08-01-02-02-17.wav,Surprised
dataset\ravdess\Actor_17\03-01-08-02-01-01-17.wav,Surprised
dataset\ravdess\Actor_17\03-01-08-02-01-02-17.wav,Surprised
dataset\ravdess\Actor_17\03-01-08-02-02-01-17.wav,Surprised
dataset\ravdess\Actor_17\03-01-08-02-02-02-17.wav,Surprised
dataset\ravdess\Actor_18\03-01-01-01-01-01-18.wav,Neutral
dataset\ravdess\Actor_18\03-01-01-01-01-02-18.wav,Neutral
dataset\ravdess\Actor_18\03-01-01-01-02-01-18.wav,Neutral
dataset\ravdess\Actor_18\03-01-01-01-02-02-18.wav,Neutral
dataset\ravdess\Actor_18\03-01-02-01-01-01-18.wav,Calm
dataset\ravdess\Actor_18\03-01-02-01-01-02-18.wav,Calm
dataset\ravdess\Actor_18\03-01-02-01-02-01-18.wav,Calm
dataset\ravdess\Actor_18\03-01-02-01-02-02-18.wav,Calm
dataset\ravdess\Actor_18\03-01-02-02-01-01-18.wav,Calm
dataset\ravdess\Actor_18\03-01-02-02-01-02-18.wav,Calm
dataset\ravdess\Actor_18\03-01-02-02-02-01-18.wav,Calm
dataset\ravdess\Actor_18\03-01-02-02-02-02-18.wav,Calm
dataset\ravdess\Actor_18\03-01-03-01-01-01-18.wav,Happy
dataset\ravdess\Actor_18\03-01-03-01-01-02-18.wav,Happy
dataset\ravdess\Actor_18\03-01-03-01-02-01-18.wav,Happy
dataset\ravdess\Actor_18\03-01-03-01-02-02-18.wav,Happy
dataset\ravdess\Actor_18\03-01-03-02-01-01-18.wav,Happy
dataset\ravdess\Actor_18\03-01-03-02-01-02-18.wav,Happy
dataset\ravdess\Actor_18\03-01-03-02-02-01-18.wav,Happy
dataset\ravdess\Actor_18\03-01-03-02-02-02-18.wav,Happy
dataset\ravdess\Actor_18\03-01-04-01-01-01-18.wav,Sad
dataset\ravdess\Actor_18\03-01-04-01-01-02-18.wav,Sad
dataset\ravdess\Actor_18\03-01-04-01-02-01-18.wav,Sad
dataset\ravdess\Actor_18\03-01-04-01-02-02-18.wav,Sad
dataset\ravdess\Actor_18\03-01-04-02-01-01-18.wav,Sad
dataset\ravdess\Actor_18\03-01-04-02-01-02-18.wav,Sad
dataset\ravdess\Actor_18\03-01-04-02-02-01-18.wav,Sad
dataset\ravdess\Actor_18\03-01-04-02-02-02-18.wav,Sad
dataset\ravdess\Actor_18\03-01-05-01-01-01-18.wav,Angry
dataset\ravdess\Actor_18\03-01-05-01-01-02-18.wav,Angry
dataset\ravdess\Actor_18\03-01-05-01-02-01-18.wav,Angry
dataset\ravdess\Actor_18\03-01-05-01-02-02-18.wav,Angry
dataset\ravdess\Actor_18\03-01-05-02-01-01-18.wav,Angry
dataset\ravdess\Actor_18\03-01-05-02-01-02-18.wav,Angry
dataset\ravdess\Actor_18\03-01-05-02-02-01-18.wav,Angry
dataset\ravdess\Actor_18\03-01-05-02-02-02-18.wav,Angry
dataset\ravdess\Actor_18\03-01-06-01-01-01-18.wav,Fearful
dataset\ravdess\Actor_18\03-01-06-01-01-02-18.wav,Fearful
dataset\ravdess\Actor_18\03-01-06-01-02-01-18.wav,Fearful
dataset\ravdess\Actor_18\03-01-06-01-02-02-18.wav,Fearful
dataset\ravdess\Actor_18\03-01-06-02-01-01-18.wav,Fearful
dataset\ravdess\Actor_18\03-01-06-02-01-02-18.wav,Fearful
dataset\ravdess\Actor_18\03-01-06-02-02-01-18.wav,Fearful
dataset\ravdess\Actor_18\03-01-06-02-02-02-18.wav,Fearful
dataset\ravdess\Actor_18\03-01-07-01-01-01-18.wav,Disgust
dataset\ravdess\Actor_18\03-01-07-01-01-02-18.wav,Disgust
dataset\ravdess\Actor_18\03-01-07-01-02-01-18.wav,Disgust
dataset\ravdess\Actor_18\03-01-07-01-02-02-18.wav,Disgust
dataset\ravdess\Actor_18\03-01-07-02-01-01-18.wav,Disgust
dataset\ravdess\Actor_18\03-01-07-02-01-02-18.wav,Disgust
dataset\ravdess\Actor_18\03-01-07-02-02-01-18.wav,Disgust
dataset\ravdess\Actor_18\03-01-07-02-02-02-18.wav,Disgust
dataset\ravdess\Actor_18\03-01-08-01-01-01-18.wav,Surprised
dataset\ravdess\Actor_18\03-01-08-01-01-02-18.wav,Surprised
dataset\ravdess\Actor_18\03-01-08-01-02-01-18.wav,Surprised
dataset\ravdess\Actor_18\03-01-08-01-02-02-18.wav,Surprised
dataset\ravdess\Actor_18\03-01-08-02-01-01-18.wav,Surprised
dataset\ravdess\Actor_18\03-01-08-02-01-02-18.wav,Surprised
dataset\ravdess\Actor_18\03-01-08-02-02-01-18.wav,Surprised
dataset\ravdess\Actor_18\03-01-08-02-02-02-18.wav,Surprised
dataset\ravdess\Actor_19\03-01-01-01-01-01-19.wav,Neutral
dataset\ravdess\Actor_19\03-01-01-01-01-02-19.wav,Neutral
dataset\ravdess\Actor_19\03-01-01-01-02-01-19.wav,Neutral
dataset\ravdess\Actor_19\03-01-01-01-02-02-19.wav,Neutral
dataset\ravdess\Actor_19\03-01-02-01-01-01-19.wav,Calm
dataset\ravdess\Actor_19\03-01-02-01-01-02-19.wav,Calm
dataset\ravdess\Actor_19\03-01-02-01-02-01-19.wav,Calm
dataset\ravdess\Actor_19\03-01-02-01-02-02-19.wav,Calm
dataset\ravdess\Actor_19\03-01-02-02-01-01-19.wav,Calm
dataset\ravdess\Actor_19\03-01-02-02-01-02-19.wav,Calm
dataset\ravdess\Actor_19\03-01-02-02-02-01-19.wav,Calm
dataset\ravdess\Actor_19\03-01-02-02-02-02-19.wav,Calm
dataset\ravdess\Actor_19\03-01-03-01-01-01-19.wav,Happy
dataset\ravdess\Actor_19\03-01-03-01-01-02-19.wav,Happy
dataset\ravdess\Actor_19\03-01-03-01-02-01-19.wav,Happy
dataset\ravdess\Actor_19\03-01-03-01-02-02-19.wav,Happy
dataset\ravdess\Actor_19\03-01-03-02-01-01-19.wav,Happy
dataset\ravdess\Actor_19\03-01-03-02-01-02-19.wav,Happy
dataset\ravdess\Actor_19\03-01-03-02-02-01-19.wav,Happy
dataset\ravdess\Actor_19\03-01-03-02-02-02-19.wav,Happy
dataset\ravdess\Actor_19\03-01-04-01-01-01-19.wav,Sad
dataset\ravdess\Actor_19\03-01-04-01-01-02-19.wav,Sad
dataset\ravdess\Actor_19\03-01-04-01-02-01-19.wav,Sad
dataset\ravdess\Actor_19\03-01-04-01-02-02-19.wav,Sad
dataset\ravdess\Actor_19\03-01-04-02-01-01-19.wav,Sad
dataset\ravdess\Actor_19\03-01-04-02-01-02-19.wav,Sad
dataset\ravdess\Actor_19\03-01-04-02-02-01-19.wav,Sad
dataset\ravdess\Actor_19\03-01-04-02-02-02-19.wav,Sad
dataset\ravdess\Actor_19\03-01-05-01-01-01-19.wav,Angry
dataset\ravdess\Actor_19\03-01-05-01-01-02-19.wav,Angry
dataset\ravdess\Actor_19\03-01-05-01-02-01-19.wav,Angry
dataset\ravdess\Actor_19\03-01-05-01-02-02-19.wav,Angry
dataset\ravdess\Actor_19\03-01-05-02-01-01-19.wav,Angry
dataset\ravdess\Actor_19\03-01-05-02-01-02-19.wav,Angry
dataset\ravdess\Actor_19\03-01-05-02-02-01-19.wav,Angry
dataset\ravdess\Actor_19\03-01-05-02-02-02-19.wav,Angry
dataset\ravdess\Actor_19\03-01-06-01-01-01-19.wav,Fearful
dataset\ravdess\Actor_19\03-01-06-01-01-02-19.wav,Fearful
dataset\ravdess\Actor_19\03-01-06-01-02-01-19.wav,Fearful
dataset\ravdess\Actor_19\03-01-06-01-02-02-19.wav,Fearful
dataset\ravdess\Actor_19\03-01-06-02-01-01-19.wav,Fearful
dataset\ravdess\Actor_19\03-01-06-02-01-02-19.wav,Fearful
dataset\ravdess\Actor_19\03-01-06-02-02-01-19.wav,Fearful
dataset\ravdess\Actor_19\03-01-06-02-02-02-19.wav,Fearful
dataset\ravdess\Actor_19\03-01-07-01-01-01-19.wav,Disgust
dataset\ravdess\Actor_19\03-01-07-01-01-02-19.wav,Disgust
dataset\ravdess\Actor_19\03-01-07-01-02-01-19.wav,Disgust
dataset\ravdess\Actor_19\03-01-07-01-02-02-19.wav,Disgust
dataset\ravdess\Actor_19\03-01-07-02-01-01-19.wav,Disgust
dataset\ravdess\Actor_19\03-01-07-02-01-02-19.wav,Disgust
dataset\ravdess\Actor_19\03-01-07-02-02-01-19.wav,Disgust
dataset\ravdess\Actor_19\03-01-07-02-02-02-19.wav,Disgust
dataset\ravdess\Actor_19\03-01-08-01-01-01-19.wav,Surprised
dataset\ravdess\Actor_19\03-01-08-01-01-02-19.wav,Surprised
dataset\ravdess\Actor_19\03-01-08-01-02-01-19.wav,Surprised
dataset\ravdess\Actor_19\03-01-08-01-02-02-19.wav,Surprised
dataset\ravdess\Actor_19\03-01-08-02-01-01-19.wav,Surprised
dataset\ravdess\Actor_19\03-01-08-02-01-02-19.wav,Surprised
dataset\ravdess\Actor_19\03-01-08-02-02-01-19.wav,Surprised
dataset\ravdess\Actor_19\03-01-08-02-02-02-19.wav,Surprised
dataset\ravdess\Actor_20\03-01-01-01-01-01-20.wav,Neutral
dataset\ravdess\Actor_20\03-01-01-01-01-02-20.wav,Neutral
dataset\ravdess\Actor_20\03-01-01-01-02-01-20.wav,Neutral
dataset\ravdess\Actor_20\03-01-01-01-02-02-20.wav,Neutral
dataset\ravdess\Actor_20\03-01-02-01-01-01-20.wav,Calm
dataset\ravdess\Actor_20\03-01-02-01-01-02-20.wav,Calm
dataset\ravdess\Actor_20\03-01-02-01-02-01-20.wav,Calm
dataset\ravdess\Actor_20\03-01-02-01-02-02-20.wav,Calm
dataset\ravdess\Actor_20\03-01-02-02-01-01-20.wav,Calm
dataset\ravdess\Actor_20\03-01-02-02-01-02-20.wav,Calm
dataset\ravdess\Actor_20\03-01-02-02-02-01-20.wav,Calm
dataset\ravdess\Actor_20\03-01-02-02-02-02-20.wav,Calm
dataset\ravdess\Actor_20\03-01-03-01-01-01-20.wav,Happy
dataset\ravdess\Actor_20\03-01-03-01-01-02-20.wav,Happy
dataset\ravdess\Actor_20\03-01-03-01-02-01-20.wav,Happy
dataset\ravdess\Actor_20\03-01-03-01-02-02-20.wav,Happy
dataset\ravdess\Actor_20\03-01-03-02-01-01-20.wav,Happy
dataset\ravdess\Actor_20\03-01-03-02-01-02-20.wav,Happy
dataset\ravdess\Actor_20\03-01-03-02-02-01-20.wav,Happy
dataset\ravdess\Actor_20\03-01-03-02-02-02-20.wav,Happy
dataset\ravdess\Actor_20\03-01-04-01-01-01-20.wav,Sad
dataset\ravdess\Actor_20\03-01-04-01-01-02-20.wav,Sad
dataset\ravdess\Actor_20\03-01-04-01-02-01-20.wav,Sad
dataset\ravdess\Actor_20\03-01-04-01-02-02-20.wav,Sad
dataset\ravdess\Actor_20\03-01-04-02-01-01-20.wav,Sad
dataset\ravdess\Actor_20\03-01-04-02-01-02-20.wav,Sad
dataset\ravdess\Actor_20\03-01-04-02-02-01-20.wav,Sad
dataset\ravdess\Actor_20\03-01-04-02-02-02-20.wav,Sad
dataset\ravdess\Actor_20\03-01-05-01-01-01-20.wav,Angry
dataset\ravdess\Actor_20\03-01-05-01-01-02-20.wav,Angry
dataset\ravdess\Actor_20\03-01-05-01-02-01-20.wav,Angry
dataset\ravdess\Actor_20\03-01-05-01-02-02-20.wav,Angry
dataset\ravdess\Actor_20\03-01-05-02-01-01-20.wav,Angry
dataset\ravdess\Actor_20\03-01-05-02-01-02-20.wav,Angry
dataset\ravdess\Actor_20\03-01-05-02-02-01-20.wav,Angry
dataset\ravdess\Actor_20\03-01-05-02-02-02-20.wav,Angry
dataset\ravdess\Actor_20\03-01-06-01-01-01-20.wav,Fearful
dataset\ravdess\Actor_20\03-01-06-01-01-02-20.wav,Fearful
dataset\ravdess\Actor_20\03-01-06-01-02-01-20.wav,Fearful
dataset\ravdess\Actor_20\03-01-06-01-02-02-20.wav,Fearful
dataset\ravdess\Actor_20\03-01-06-02-01-01-20.wav,Fearful
dataset\ravdess\Actor_20\03-01-06-02-01-02-20.wav,Fearful
dataset\ravdess\Actor_20\03-01-06-02-02-01-20.wav,Fearful
dataset\ravdess\Actor_20\03-01-06-02-02-02-20.wav,Fearful
dataset\ravdess\Actor_20\03-01-07-01-01-01-20.wav,Disgust
dataset\ravdess\Actor_20\03-01-07-01-01-02-20.wav,Disgust
dataset\ravdess\Actor_20\03-01-07-01-02-01-20.wav,Disgust
dataset\ravdess\Actor_20\03-01-07-01-02-02-20.wav,Disgust
dataset\ravdess\Actor_20\03-01-07-02-01-01-20.wav,Disgust
dataset\ravdess\Actor_20\03-01-07-02-01-02-20.wav,Disgust
dataset\ravdess\Actor_20\03-01-07-02-02-01-20.wav,Disgust
dataset\ravdess\Actor_20\03-01-07-02-02-02-20.wav,Disgust
dataset\ravdess\Actor_20\03-01-08-01-01-01-20.wav,Surprised
dataset\ravdess\Actor_20\03-01-08-01-01-02-20.wav,Surprised
dataset\ravdess\Actor_20\03-01-08-01-02-01-20.wav,Surprised
dataset\ravdess\Actor_20\03-01-08-01-02-02-20.wav,Surprised
dataset\ravdess\Actor_20\03-01-08-02-01-01-20.wav,Surprised
dataset\ravdess\Actor_20\03-01-08-02-01-02-20.wav,Surprised
dataset\ravdess\Actor_20\03-01-08-02-02-01-20.wav,Surprised
dataset\ravdess\Actor_20\03-01-08-02-02-02-20.wav,Surprised
dataset\ravdess\Actor_21\03-01-01-01-01-01-21.wav,Neutral
dataset\ravdess\Actor_21\03-01-01-01-01-02-21.wav,Neutral
dataset\ravdess\Actor_21\03-01-01-01-02-01-21.wav,Neutral
dataset\ravdess\Actor_21\03-01-01-01-02-02-21.wav,Neutral
dataset\ravdess\Actor_21\03-01-02-01-01-01-21.wav,Calm
dataset\ravdess\Actor_21\03-01-02-01-01-02-21.wav,Calm
dataset\ravdess\Actor_21\03-01-02-01-02-01-21.wav,Calm
dataset\ravdess\Actor_21\03-01-02-01-02-02-21.wav,Calm
dataset\ravdess\Actor_21\03-01-02-02-01-01-21.wav,Calm
dataset\ravdess\Actor_21\03-01-02-02-01-02-21.wav,Calm
dataset\ravdess\Actor_21\03-01-02-02-02-01-21.wav,Calm
dataset\ravdess\Actor_21\03-01-02-02-02-02-21.wav,Calm
dataset\ravdess\Actor_21\03-01-03-01-01-01-21.wav,Happy
dataset\ravdess\Actor_21\03-01-03-01-01-02-21.wav,Happy
dataset\ravdess\Actor_21\03-01-03-01-02-01-21.wav,Happy
dataset\ravdess\Actor_21\03-01-03-01-02-02-21.wav,Happy
dataset\ravdess\Actor_21\03-01-03-02-01-01-21.wav,Happy
dataset\ravdess\Actor_21\03-01-03-02-01-02-21.wav,Happy
dataset\ravdess\Actor_21\03-01-03-02-02-01-21.wav,Happy
dataset\ravdess\Actor_21\03-01-03-02-02-02-21.wav,Happy
dataset\ravdess\Actor_21\03-01-04-01-01-01-21.wav,Sad
dataset\ravdess\Actor_21\03-01-04-01-01-02-21.wav,Sad
dataset\ravdess\Actor_21\03-01-04-01-02-01-21.wav,Sad
dataset\ravdess\Actor_21\03-01-04-01-02-02-21.wav,Sad
dataset\ravdess\Actor_21\03-01-04-02-01-01-21.wav,Sad
dataset\ravdess\Actor_21\03-01-04-02-01-02-21.wav,Sad
dataset\ravdess\Actor_21\03-01-04-02-02-01-21.wav,Sad
dataset\ravdess\Actor_21\03-01-04-02-02-02-21.wav,Sad
dataset\ravdess\Actor_21\03-01-05-01-01-01-21.wav,Angry
dataset\ravdess\Actor_21\03-01-05-01-01-02-21.wav,Angry
dataset\ravdess\Actor_21\03-01-05-01-02-01-21.wav,Angry
dataset\ravdess\Actor_21\03-01-05-01-02-02-21.wav,Angry
dataset\ravdess\Actor_21\03-01-05-02-01-01-21.wav,Angry
dataset\ravdess\Actor_21\03-01-05-02-01-02-21.wav,Angry
dataset\ravdess\Actor_21\03-01-05-02-02-01-21.wav,Angry
dataset\ravdess\Actor_21\03-01-05-02-02-02-21.wav,Angry
dataset\ravdess\Actor_21\03-01-06-01-01-01-21.wav,Fearful
dataset\ravdess\Actor_21\03-01-06-01-01-02-21.wav,Fearful
dataset\ravdess\Actor_21\03-01-06-01-02-01-21.wav,Fearful
dataset\ravdess\Actor_21\03-01-06-01-02-02-21.wav,Fearful
dataset\ravdess\Actor_21\03-01-06-02-01-01-21.wav,Fearful
dataset\ravdess\Actor_21\03-01-06-02-01-02-21.wav,Fearful
dataset\ravdess\Actor_21\03-01-06-02-02-01-21.wav,Fearful
dataset\ravdess\Actor_21\03-01-06-02-02-02-21.wav,Fearful
dataset\ravdess\Actor_21\03-01-07-01-01-01-21.wav,Disgust
dataset\ravdess\Actor_21\03-01-07-01-01-02-21.wav,Disgust
dataset\ravdess\Actor_21\03-01-07-01-02-01-21.wav,Disgust
dataset\ravdess\Actor_21\03-01-07-01-02-02-21.wav,Disgust
dataset\ravdess\Actor_21\03-01-07-02-01-01-21.wav,Disgust
dataset\ravdess\Actor_21\03-01-07-02-01-02-21.wav,Disgust
dataset\ravdess\Actor_21\03-01-07-02-02-01-21.wav,Disgust
dataset\ravdess\Actor_21\03-01-07-02-02-02-21.wav,Disgust
dataset\ravdess\Actor_21\03-01-08-01-01-01-21.wav,Surprised
dataset\ravdess\Actor_21\03-01-08-01-01-02-21.wav,Surprised
dataset\ravdess\Actor_21\03-01-08-01-02-01-21.wav,Surprised
dataset\ravdess\Actor_21\03-01-08-01-02-02-21.wav,Surprised
dataset\ravdess\Actor_21\03-01-08-02-01-01-21.wav,Surprised
dataset\ravdess\Actor_21\03-01-08-02-01-02-21.wav,Surprised
dataset\ravdess\Actor_21\03-01-08-02-02-01-21.wav,Surprised
dataset\ravdess\Actor_21\03-01-08-02-02-02-21.wav,Surprised
dataset\ravdess\Actor_22\03-01-01-01-01-01-22.wav,Neutral
dataset\ravdess\Actor_22\03-01-01-01-01-02-22.wav,Neutral
dataset\ravdess\Actor_22\03-01-01-01-02-01-22.wav,Neutral
dataset\ravdess\Actor_22\03-01-01-01-02-02-22.wav,Neutral
dataset\ravdess\Actor_22\03-01-02-01-01-01-22.wav,Calm
dataset\ravdess\Actor_22\03-01-02-01-01-02-22.wav,Calm
dataset\ravdess\Actor_22\03-01-02-01-02-01-22.wav,Calm
dataset\ravdess\Actor_22\03-01-02-01-02-02-22.wav,Calm
dataset\ravdess\Actor_22\03-01-02-02-01-01-22.wav,Calm
dataset\ravdess\Actor_22\03-01-02-02-01-02-22.wav,Calm
dataset\ravdess\Actor_22\03-01-02-02-02-01-22.wav,Calm
dataset\ravdess\Actor_22\03-01-02-02-02-02-22.wav,Calm
dataset\ravdess\Actor_22\03-01-03-01-01-01-22.wav,Happy
dataset\ravdess\Actor_22\03-01-03-01-01-02-22.wav,Happy
dataset\ravdess\Actor_22\03-01-03-01-02-01-22.wav,Happy
dataset\ravdess\Actor_22\03-01-03-01-02-02-22.wav,Happy
dataset\ravdess\Actor_22\03-01-03-02-01-01-22.wav,Happy
dataset\ravdess\Actor_22\03-01-03-02-01-02-22.wav,Happy
dataset\ravdess\Actor_22\03-01-03-02-02-01-22.wav,Happy
dataset\ravdess\Actor_22\03-01-03-02-02-02-22.wav,Happy
dataset\ravdess\Actor_22\03-01-04-01-01-01-22.wav,Sad
dataset\ravdess\Actor_22\03-01-04-01-01-02-22.wav,Sad
dataset\ravdess\Actor_22\03-01-04-01-02-01-22.wav,Sad
dataset\ravdess\Actor_22\03-01-04-01-02-02-22.wav,Sad
dataset\ravdess\Actor_22\03-01-04-02-01-01-22.wav,Sad
dataset\ravdess\Actor_22\03-01-04-02-01-02-22.wav,Sad
dataset\ravdess\Actor_22\03-01-04-02-02-01-22.wav,Sad
dataset\ravdess\Actor_22\03-01-04-02-02-02-22.wav,Sad
dataset\ravdess\Actor_22\03-01-05-01-01-01-22.wav,Angry
dataset\ravdess\Actor_22\03-01-05-01-01-02-22.wav,Angry
dataset\ravdess\Actor_22\03-01-05-01-02-01-22.wav,Angry
dataset\ravdess\Actor_22\03-01-05-01-02-02-22.wav,Angry
dataset\ravdess\Actor_22\03-01-05-02-01-01-22.wav,Angry
dataset\ravdess\Actor_22\03-01-05-02-01-02-22.wav,Angry
dataset\ravdess\Actor_22\03-01-05-02-02-01-22.wav,Angry
dataset\ravdess\Actor_22\03-01-05-02-02-02-22.wav,Angry
dataset\ravdess\Actor_22\03-01-06-01-01-01-22.wav,Fearful
dataset\ravdess\Actor_22\03-01-06-01-01-02-22.wav,Fearful
dataset\ravdess\Actor_22\03-01-06-01-02-01-22.wav,Fearful
dataset\ravdess\Actor_22\03-01-06-01-02-02-22.wav,Fearful
dataset\ravdess\Actor_22\03-01-06-02-01-01-22.wav,Fearful
dataset\ravdess\Actor_22\03-01-06-02-01-02-22.wav,Fearful
dataset\ravdess\Actor_22\03-01-06-02-02-01-22.wav,Fearful
dataset\ravdess\Actor_22\03-01-06-02-02-02-22.wav,Fearful
dataset\ravdess\Actor_22\03-01-07-01-01-01-22.wav,Disgust
dataset\ravdess\Actor_22\03-01-07-01-01-02-22.wav,Disgust
dataset\ravdess\Actor_22\03-01-07-01-02-01-22.wav,Disgust
dataset\ravdess\Actor_22\03-01-07-01-02-02-22.wav,Disgust
dataset\ravdess\Actor_22\03-01-07-02-01-01-22.wav,Disgust
dataset\ravdess\Actor_22\03-01-07-02-01-02-22.wav,Disgust
dataset\ravdess\Actor_22\03-01-07-02-02-01-22.wav,Disgust
dataset\ravdess\Actor_22\03-01-07-02-02-02-22.wav,Disgust
dataset\ravdess\Actor_22\03-01-08-01-01-01-22.wav,Surprised
dataset\ravdess\Actor_22\03-01-08-01-01-02-22.wav,Surprised
dataset\ravdess\Actor_22\03-01-08-01-02-01-22.wav,Surprised
dataset\ravdess\Actor_22\03-01-08-01-02-02-22.wav,Surprised
dataset\ravdess\Actor_22\03-01-08-02-01-01-22.wav,Surprised
dataset\ravdess\Actor_22\03-01-08-02-01-02-22.wav,Surprised
dataset\ravdess\Actor_22\03-01-08-02-02-01-22.wav,Surprised
dataset\ravdess\Actor_22\03-01-08-02-02-02-22.wav,Surprised
dataset\ravdess\Actor_23\03-01-01-01-01-01-23.wav,Neutral
dataset\ravdess\Actor_23\03-01-01-01-01-02-23.wav,Neutral
dataset\ravdess\Actor_23\03-01-01-01-02-01-23.wav,Neutral
dataset\ravdess\Actor_23\03-01-01-01-02-02-23.wav,Neutral
dataset\ravdess\Actor_23\03-01-02-01-01-01-23.wav,Calm
dataset\ravdess\Actor_23\03-01-02-01-01-02-23.wav,Calm
dataset\ravdess\Actor_23\03-01-02-01-02-01-23.wav,Calm
dataset\ravdess\Actor_23\03-01-02-01-02-02-23.wav,Calm
dataset\ravdess\Actor_23\03-01-02-02-01-01-23.wav,Calm
dataset\ravdess\Actor_23\03-01-02-02-01-02-23.wav,Calm
dataset\ravdess\Actor_23\03-01-02-02-02-01-23.wav,Calm
dataset\ravdess\Actor_23\03-01-02-02-02-02-23.wav,Calm
dataset\ravdess\Actor_23\03-01-03-01-01-01-23.wav,Happy
dataset\ravdess\Actor_23\03-01-03-01-01-02-23.wav,Happy
dataset\ravdess\Actor_23\03-01-03-01-02-01-23.wav,Happy
dataset\ravdess\Actor_23\03-01-03-01-02-02-23.wav,Happy
dataset\ravdess\Actor_23\03-01-03-02-01-01-23.wav,Happy
dataset\ravdess\Actor_23\03-01-03-02-01-02-23.wav,Happy
dataset\ravdess\Actor_23\03-01-03-02-02-01-23.wav,Happy
dataset\ravdess\Actor_23\03-01-03-02-02-02-23.wav,Happy
dataset\ravdess\Actor_23\03-01-04-01-01-01-23.wav,Sad
dataset\ravdess\Actor_23\03-01-04-01-01-02-23.wav,Sad
dataset\ravdess\Actor_23\03-01-04-01-02-01-23.wav,Sad
dataset\ravdess\Actor_23\03-01-04-01-02-02-23.wav,Sad
dataset\ravdess\Actor_23\03-01-04-02-01-01-23.wav,Sad
dataset\ravdess\Actor_23\03-01-04-02-01-02-23.wav,Sad
dataset\ravdess\Actor_23\03-01-04-02-02-01-23.wav,Sad
dataset\ravdess\Actor_23\03-01-04-02-02-02-23.wav,Sad
dataset\ravdess\Actor_23\03-01-05-01-01-01-23.wav,Angry
dataset\ravdess\Actor_23\03-01-05-01-01-02-23.wav,Angry
dataset\ravdess\Actor_23\03-01-05-01-02-01-23.wav,Angry
dataset\ravdess\Actor_23\03-01-05-01-02-02-23.wav,Angry
dataset\ravdess\Actor_23\03-01-05-02-01-01-23.wav,Angry
dataset\ravdess\Actor_23\03-01-05-02-01-02-23.wav,Angry
dataset\ravdess\Actor_23\03-01-05-02-02-01-23.wav,Angry
dataset\ravdess\Actor_23\03-01-05-02-02-02-23.wav,Angry
dataset\ravdess\Actor_23\03-01-06-01-01-01-23.wav,Fearful
dataset\ravdess\Actor_23\03-01-06-01-01-02-23.wav,Fearful
dataset\ravdess\Actor_23\03-01-06-01-02-01-23.wav,Fearful
dataset\ravdess\Actor_23\03-01-06-01-02-02-23.wav,Fearful
dataset\ravdess\Actor_23\03-01-06-02-01-01-23.wav,Fearful
dataset\ravdess\Actor_23\03-01-06-02-01-02-23.wav,Fearful
dataset\ravdess\Actor_23\03-01-06-02-02-01-23.wav,Fearful
dataset\ravdess\Actor_23\03-01-06-02-02-02-23.wav,Fearful
dataset\ravdess\Actor_23\03-01-07-01-01-01-23.wav,Disgust
dataset\ravdess\Actor_23\03-01-07-01-01-02-23.wav,Disgust
dataset\ravdess\Actor_23\03-01-07-01-02-01-23.wav,Disgust
dataset\ravdess\Actor_23\03-01-07-01-02-02-23.wav,Disgust
dataset\ravdess\Actor_23\03-01-07-02-01-01-23.wav,Disgust
dataset\ravdess\Actor_23\03-01-07-02-01-02-23.wav,Disgust
dataset\ravdess\Actor_23\03-01-07-02-02-01-23.wav,Disgust
dataset\ravdess\Actor_23\03-01-07-02-02-02-23.wav,Disgust
dataset\ravdess\Actor_23\03-01-08-01-01-01-23.wav,Surprised
dataset\ravdess\Actor_23\03-01-08-01-01-02-23.wav,Surprised
dataset\ravdess\Actor_23\03-01-08-01-02-01-23.wav,Surprised
dataset\ravdess\Actor_23\03-01-08-01-02-02-23.wav,Surprised
dataset\ravdess\Actor_23\03-01-08-02-01-01-23.wav,Surprised
dataset\ravdess\Actor_23\03-01-08-02-01-02-23.wav,Surprised
dataset\ravdess\Actor_23\03-01-08-02-02-01-23.wav,Surprised
dataset\ravdess\Actor_23\03-01-08-02-02-02-23.wav,Surprised
dataset\ravdess\Actor_24\03-01-01-01-01-01-24.wav,Neutral
dataset\ravdess\Actor_24\03-01-01-01-01-02-24.wav,Neutral
dataset\ravdess\Actor_24\03-01-01-01-02-01-24.wav,Neutral
dataset\ravdess\Actor_24\03-01-01-01-02-02-24.wav,Neutral
dataset\ravdess\Actor_24\03-01-02-01-01-01-24.wav,Calm
dataset\ravdess\Actor_24\03-01-02-01-01-02-24.wav,Calm
dataset\ravdess\Actor_24\03-01-02-01-02-01-24.wav,Calm
dataset\ravdess\Actor_24\03-01-02-01-02-02-24.wav,Calm
dataset\ravdess\Actor_24\03-01-02-02-01-01-24.wav,Calm
dataset\ravdess\Actor_24\03-01-02-02-01-02-24.wav,Calm
dataset\ravdess\Actor_24\03-01-02-02-02-01-24.wav,Calm
dataset\ravdess\Actor_24\03-01-02-02-02-02-24.wav,Calm
dataset\ravdess\Actor_24\03-01-03-01-01-01-24.wav,Happy
dataset\ravdess\Actor_24\03-01-03-01-01-02-24.wav,Happy
dataset\ravdess\Actor_24\03-01-03-01-02-01-24.wav,Happy
dataset\ravdess\Actor_24\03-01-03-01-02-02-24.wav,Happy
dataset\ravdess\Actor_24\03-01-03-02-01-01-24.wav,Happy
dataset\ravdess\Actor_24\03-01-03-02-01-02-24.wav,Happy
dataset\ravdess\Actor_24\03-01-03-02-02-01-24.wav,Happy
dataset\ravdess\Actor_24\03-01-03-02-02-02-24.wav,Happy
dataset\ravdess\Actor_24\03-01-04-01-01-01-24.wav,Sad
dataset\ravdess\Actor_24\03-01-04-01-01-02-24.wav,Sad
dataset\ravdess\Actor_24\03-01-04-01-02-01-24.wav,Sad
dataset\ravdess\Actor_24\03-01-04-01-02-02-24.wav,Sad
dataset\ravdess\Actor_24\03-01-04-02-01-01-24.wav,Sad
dataset\ravdess\Actor_24\03-01-04-02-01-02-24.wav,Sad
dataset\ravdess\Actor_24\03-01-04-02-02-01-24.wav,Sad
dataset\ravdess\Actor_24\03-01-04-02-02-02-24.wav,Sad
dataset\ravdess\Actor_24\03-01-05-01-01-01-24.wav,Angry
dataset\ravdess\Actor_24\03-01-05-01-01-02-24.wav,Angry
dataset\ravdess\Actor_24\03-01-05-01-02-01-24.wav,Angry
dataset\ravdess\Actor_24\03-01-05-01-02-02-24.wav,Angry
dataset\ravdess\Actor_24\03-01-05-02-01-01-24.wav,Angry
dataset\ravdess\Actor_24\03-01-05-02-01-02-24.wav,Angry
dataset\ravdess\Actor_24\03-01-05-02-02-01-24.wav,Angry
dataset\ravdess\Actor_24\03-01-05-02-02-02-24.wav,Angry
dataset\ravdess\Actor_24\03-01-06-01-01-01-24.wav,Fearful
dataset\ravdess\Actor_24\03-01-06-01-01-02-24.wav,Fearful
dataset\ravdess\Actor_24\03-01-06-01-02-01-24.wav,Fearful
dataset\ravdess\Actor_24\03-01-06-01-02-02-24.wav,Fearful
dataset\ravdess\Actor_24\03-01-06-02-01-01-24.wav,Fearful
dataset\ravdess\Actor_24\03-01-06-02-01-02-24.wav,Fearful
dataset\ravdess\Actor_24\03-01-06-02-02-01-24.wav,Fearful
dataset\ravdess\Actor_24\03-01-06-02-02-02-24.wav,Fearful
dataset\ravdess\Actor_24\03-01-07-01-01-01-24.wav,Disgust
dataset\ravdess\Actor_24\03-01-07-01-01-02-24.wav,Disgust
dataset\ravdess\Actor_24\03-01-07-01-02-01-24.wav,Disgust
dataset\ravdess\Actor_24\03-01-07-01-02-02-24.wav,Disgust
dataset\ravdess\Actor_24\03-01-07-02-01-01-24.wav,Disgust
dataset\ravdess\Actor_24\03-01-07-02-01-02-24.wav,Disgust
dataset\ravdess\Actor_24\03-01-07-02-02-01-24.wav,Disgust
dataset\ravdess\Actor_24\03-01-07-02-02-02-24.wav,Disgust
dataset\ravdess\Actor_24\03-01-08-01-01-01-24.wav,Surprised
dataset\ravdess\Actor_24\03-01-08-01-01-02-24.wav,Surprised
dataset\ravdess\Actor_24\03-01-08-01-02-01-24.wav,Surprised
dataset\ravdess\Actor_24\03-01-08-01-02-02-24.wav,Surprised
dataset\ravdess\Actor_24\03-01-08-02-01-01-24.wav,Surprised
dataset\ravdess\Actor_24\03-01-08-02-01-02-24.wav,Surprised
dataset\ravdess\Actor_24\03-01-08-02-02-01-24.wav,Surprised
dataset\ravdess\Actor_24\03-01-08-02-02-02-24.wav,Surprised
